Episode,Steps,Agent0,Agent1,Agent2,Agent3,Agent4,Agent5,Agent6,Agent7,Agent8,Agent9,Agent10,Agent11,Total
0,1999,-2037.4999999999382,-2028.7999999999408,-2071.9999999999327,-2144.999999999922,-2144.999999999922,-2144.999999999922,-2144.999999999922,-2144.999999999922,-2144.999999999922,-2144.999999999922,-2144.999999999922,-2144.999999999922,-25443.2999999991
10,1999,-2115.8999999999196,-2115.9999999999195,-2129.69999999992,-2170.9999999999204,-2170.9999999999204,-2170.9999999999204,-2170.9999999999204,-2170.9999999999204,-2170.9999999999204,-2170.9999999999204,-2170.9999999999204,-2170.9999999999204,-25900.59999999904
20,1999,-2157.59999999992,-2181.9999999999195,-2134.999999999918,-2181.9999999999195,-2181.9999999999195,-2181.9999999999195,-2181.9999999999195,-2181.9999999999195,-2181.9999999999195,-2181.9999999999195,-2181.9999999999195,-2181.9999999999195,-26112.599999999034
30,1999,-2089.69999999993,-2115.099999999921,-2046.4999999999338,-2061.599999999927,-2088.099999999923,-2110.199999999922,-2139.9999999999227,-2139.9999999999227,-2139.9999999999227,-2139.9999999999227,-2139.9999999999227,-2139.9999999999227,-25351.199999999095
40,1326,-1300.1999999999905,-1274.7000000000005,-1240.4999999999975,-1241.8999999999987,-1221.7999999999952,-1293.4999999999905,-1361.6999999999864,-1361.6999999999864,-1361.6999999999864,-1361.6999999999864,-1361.6999999999864,-1361.6999999999864,-15742.79999999989
50,1060,-1011.2000000000057,-999.0000000000035,-980.5000000000009,-983.0000000000008,-960.1999999999995,-1011.7000000000043,-1081.100000000011,-1081.100000000011,-1081.100000000011,-1081.100000000011,-1081.100000000011,-1081.100000000011,-12432.200000000083
60,1041,-981.4000000000054,-959.4000000000016,-957.0000000000015,-961.0000000000018,-933.5000000000016,-967.9000000000033,-1048.2000000000144,-1053.2000000000137,-1053.2000000000137,-1053.2000000000137,-1053.2000000000137,-1053.2000000000137,-12074.400000000098
70,1046,-960.9000000000049,-939.6000000000006,-936.5000000000005,-939.6000000000008,-904.1999999999967,-941.6000000000012,-978.300000000006,-1037.7000000000153,-1037.7000000000153,-1037.7000000000153,-1037.7000000000153,-1037.7000000000153,-11789.200000000088
80,1090,-1001.4000000000049,-977.8000000000008,-979.0000000000009,-984.5000000000017,-943.8999999999969,-983.2000000000012,-1035.8000000000095,-1082.1000000000108,-1082.1000000000108,-1082.1000000000108,-1082.1000000000108,-1082.1000000000108,-12316.100000000071
90,1046,-951.600000000003,-938.9000000000012,-938.900000000001,-940.1000000000012,-908.6999999999985,-941.4000000000011,-974.5000000000072,-1032.700000000015,-1036.7000000000155,-1036.7000000000155,-1036.7000000000155,-1036.7000000000155,-11773.60000000009
100,901,-812.2000000000018,-804.4000000000008,-802.6000000000006,-808.5000000000014,-758.7999999999979,-812.2000000000018,-842.6000000000084,-889.2000000000135,-889.2000000000135,-889.2000000000135,-889.2000000000135,-889.2000000000135,-10087.30000000008
110,1005,-886.0000000000016,-877.2000000000006,-878.9000000000005,-883.6000000000012,-841.0999999999993,-884.3000000000014,-849.3999999999955,-973.6000000000158,-973.6000000000158,-973.6000000000158,-973.6000000000158,-973.6000000000158,-10968.50000000008
120,803,-711.6000000000013,-706.7000000000004,-706.1000000000003,-710.600000000001,-670.1999999999991,-712.3000000000012,-685.0999999999975,-776.2000000000103,-783.4000000000112,-783.4000000000112,-783.4000000000112,-783.4000000000112,-8812.400000000056
130,736,-614.6000000000005,-613.1000000000004,-616.7000000000004,-616.3000000000004,-587.1000000000012,-616.700000000001,-597.6999999999992,-624.1000000000048,-645.1000000000042,-637.8000000000036,-683.7000000000093,-683.7000000000093,-7536.600000000033
140,893,-786.5000000000022,-778.6000000000005,-778.4000000000007,-783.2000000000014,-744.0999999999992,-785.5000000000014,-754.399999999997,-845.0000000000114,-863.4000000000133,-863.4000000000133,-863.4000000000133,-863.4000000000133,-9709.300000000065
150,677,-577.4000000000007,-575.5000000000005,-577.0000000000006,-578.5000000000006,-548.7000000000019,-576.6000000000003,-554.7999999999972,-583.4000000000054,-612.8000000000054,-611.000000000005,-639.800000000008,-639.800000000008,-7075.300000000034
160,618,-505.00000000000057,-503.60000000000025,-511.9000000000011,-503.4000000000002,-477.400000000002,-504.60000000000025,-493.6999999999989,-473.4000000000024,-487.6999999999991,-521.4000000000012,-561.9000000000065,-561.9000000000065,-6105.90000000002
170,539,-429.30000000000024,-429.7000000000003,-428.60000000000025,-428.5000000000001,-414.3000000000009,-429.9000000000001,-410.4999999999983,-372.1000000000007,-409.59999999999934,-429.39999999999975,-473.6000000000039,-480.00000000000455,-5135.500000000009
180,600,-475.2000000000003,-475.3000000000003,-474.4000000000001,-475.2000000000003,-451.9000000000016,-476.8000000000003,-460.4999999999982,-414.00000000000085,-459.6999999999987,-482.0000000000002,-532.1000000000058,-532.1000000000058,-5709.200000000012
190,540,-429.9000000000004,-428.6000000000002,-429.1000000000002,-428.60000000000014,-410.30000000000126,-430.3000000000002,-416.19999999999965,-382.3999999999992,-404.8999999999986,-421.9000000000002,-480.1000000000045,-480.1000000000045,-5142.400000000011
200,491,-374.6000000000001,-372.60000000000014,-372.9,-373.7000000000002,-357.5000000000007,-375.30000000000007,-356.99999999999955,-328.0999999999992,-351.69999999999885,-351.6000000000002,-396.000000000002,-379.0000000000008,-4390.000000000002
210,524,-419.90000000000026,-419.8000000000003,-418.70000000000016,-419.70000000000005,-406.100000000001,-419.20000000000005,-401.2999999999987,-373.3999999999993,-398.89999999999816,-421.0000000000003,-465.30000000000365,-462.90000000000384,-5026.200000000006
220,557,-434.60000000000014,-434.0000000000002,-434.10000000000025,-434.4000000000002,-420.8000000000012,-437.20000000000016,-427.6000000000001,-383.69999999999897,-408.9999999999991,-420.9999999999977,-471.2000000000036,-464.4000000000032,-5172.000000000005
230,548,-440.3000000000004,-437.4000000000001,-437.4000000000002,-437.7000000000001,-421.70000000000095,-441.00000000000034,-430.4999999999995,-382.6,-420.8999999999989,-435.1,-489.9000000000047,-475.90000000000373,-5250.400000000009
240,472,-354.5000000000002,-354.3999999999999,-353.4,-353.9000000000001,-337.60000000000093,-355.0000000000001,-342.0000000000001,-307.80000000000035,-340.399999999999,-338.60000000000014,-367.20000000000056,-346.09999999999974,-4150.900000000001
250,520,-397.9000000000002,-398.1000000000003,-399.20000000000016,-398.8000000000003,-373.90000000000117,-400.1000000000003,-383.69999999999925,-345.59999999999997,-383.89999999999907,-382.5999999999986,-426.1000000000022,-422.1000000000021,-4712.000000000004
260,473,-358.4000000000002,-358.40000000000015,-361.20000000000016,-359.4000000000001,-342.2000000000006,-359.0,-344.10000000000025,-311.6000000000006,-345.39999999999924,-351.80000000000024,-380.20000000000124,-364.20000000000056,-4235.900000000003
270,451,-342.2000000000003,-341.3000000000002,-340.4000000000001,-342.3000000000004,-320.90000000000117,-342.7000000000003,-324.80000000000007,-296.5000000000007,-330.09999999999894,-331.8999999999996,-354.60000000000065,-330.1999999999997,-3997.9000000000024
280,449,-342.6,-342.1,-343.0,-343.0000000000002,-322.8000000000009,-345.3000000000003,-334.00000000000074,-307.40000000000015,-332.4,-326.9000000000002,-357.40000000000094,-341.00000000000034,-4037.900000000004
290,443,-338.80000000000024,-336.4000000000001,-335.20000000000005,-336.0000000000001,-315.00000000000085,-336.7,-329.9999999999997,-296.8000000000002,-324.7999999999999,-322.3000000000002,-341.7000000000002,-335.40000000000026,-3949.1000000000017
300,480,-360.8999999999999,-358.9000000000002,-358.4,-359.80000000000007,-344.70000000000056,-360.4000000000002,-348.899999999999,-314.10000000000014,-337.99999999999966,-341.7999999999994,-369.40000000000026,-351.6999999999989,-4206.999999999998
310,438,-332.9,-332.4,-332.20000000000005,-333.70000000000005,-314.9000000000007,-333.70000000000005,-323.5,-291.00000000000125,-320.50000000000057,-321.29999999999933,-336.79999999999995,-321.49999999999955,-3894.400000000002
320,437,-330.8000000000002,-329.30000000000007,-329.5,-330.99999999999994,-312.4000000000008,-331.40000000000003,-314.39999999999884,-284.5000000000007,-318.5999999999996,-320.99999999999994,-333.50000000000006,-320.99999999999983,-3857.3999999999996
330,523,-397.0000000000002,-395.3000000000002,-396.20000000000016,-397.3000000000004,-377.9000000000013,-398.8000000000002,-389.60000000000025,-347.1000000000002,-388.09999999999974,-383.7000000000001,-403.80000000000086,-395.60000000000036,-4670.400000000004
340,452,-342.00000000000006,-342.60000000000025,-342.70000000000016,-341.4,-330.6000000000006,-344.50000000000006,-326.89999999999907,-300.8000000000009,-329.3999999999996,-331.30000000000007,-347.4000000000003,-333.19999999999874,-4012.8
350,478,-357.9000000000001,-357.40000000000003,-357.4000000000001,-358.60000000000014,-347.4000000000006,-358.9,-352.09999999999974,-312.3000000000006,-344.20000000000005,-342.3999999999997,-360.40000000000015,-345.29999999999916,-4194.3
360,460,-347.8,-348.9999999999999,-347.69999999999993,-348.5000000000001,-337.30000000000075,-348.10000000000014,-337.99999999999926,-314.59999999999974,-338.8999999999992,-331.90000000000043,-351.4000000000002,-329.0999999999988,-4082.2999999999984
370,423,-319.10000000000014,-319.6,-319.20000000000016,-318.6000000000001,-304.8000000000005,-319.0000000000001,-303.8,-277.40000000000157,-307.2000000000002,-309.99999999999943,-322.4000000000001,-303.99999999999943,-3725.100000000002
380,431,-333.8000000000002,-334.70000000000005,-332.2000000000001,-333.00000000000006,-320.10000000000065,-333.80000000000007,-326.50000000000045,-297.3000000000008,-322.29999999999905,-323.4999999999993,-337.1000000000001,-323.3999999999999,-3917.7
390,469,-361.00000000000006,-363.3000000000003,-360.6,-360.20000000000005,-352.3000000000007,-361.30000000000007,-346.59999999999934,-325.1999999999997,-350.49999999999966,-359.9000000000007,-365.10000000000025,-352.80000000000007,-4258.800000000001
400,461,-350.1,-349.6,-350.0,-349.4,-339.8000000000004,-350.3,-330.39999999999975,-308.8,-338.4000000000001,-339.29999999999967,-354.5000000000002,-344.6,-4105.200000000001
410,485,-365.7000000000004,-364.6,-364.20000000000016,-364.70000000000005,-348.60000000000076,-363.80000000000007,-354.09999999999957,-310.50000000000057,-350.49999999999966,-354.4999999999995,-367.6000000000002,-347.9999999999997,-4256.8
420,486,-370.6,-372.10000000000036,-370.90000000000003,-371.1000000000001,-364.30000000000075,-371.70000000000016,-361.69999999999953,-328.60000000000076,-356.9000000000003,-356.19999999999993,-375.7000000000005,-359.5999999999987,-4359.4000000000015
430,409,-316.3999999999999,-314.90000000000003,-316.3000000000005,-314.9000000000001,-297.80000000000075,-316.7000000000005,-298.9999999999995,-276.4000000000006,-302.9000000000006,-313.0999999999996,-317.9000000000001,-301.8000000000005,-3688.100000000002
440,466,-352.9000000000001,-352.70000000000005,-352.4,-352.80000000000007,-350.2000000000002,-353.50000000000006,-344.5999999999999,-306.50000000000045,-335.39999999999975,-336.30000000000024,-356.0000000000001,-338.3999999999994,-4131.7
450,424,-329.30000000000007,-329.1,-329.0,-329.5000000000001,-319.4000000000006,-330.0000000000001,-318.4999999999998,-295.0000000000004,-316.3999999999995,-324.39999999999964,-333.79999999999995,-326.10000000000036,-3880.5
460,413,-312.30000000000007,-312.60000000000014,-311.69999999999993,-313.1,-293.3000000000003,-313.0,-296.80000000000064,-272.500000000001,-292.9999999999998,-304.0000000000007,-318.40000000000043,-304.00000000000017,-3644.7000000000035
470,476,-360.4000000000002,-360.5000000000001,-360.9000000000001,-361.1,-353.3000000000003,-362.20000000000005,-347.30000000000007,-314.90000000000083,-345.2999999999999,-341.8999999999992,-364.9,-350.5999999999987,-4223.299999999999
480,474,-366.0000000000001,-365.20000000000005,-368.90000000000015,-365.20000000000016,-352.90000000000055,-367.30000000000024,-353.8999999999994,-327.00000000000034,-354.3999999999998,-350.0999999999992,-367.90000000000015,-358.00000000000006,-4296.8
490,475,-361.49999999999994,-360.00000000000006,-359.30000000000007,-360.2,-349.4000000000004,-361.00000000000006,-334.7999999999995,-313.90000000000134,-354.3999999999995,-349.89999999999986,-363.2000000000003,-348.5999999999997,-4216.200000000001
500,450,-334.70000000000016,-332.6,-333.4000000000001,-332.9,-317.9000000000006,-333.4,-314.2999999999988,-287.20000000000084,-314.7999999999999,-316.79999999999984,-334.80000000000007,-319.5999999999989,-3872.399999999999
510,433,-326.9000000000001,-326.9000000000001,-325.4000000000001,-325.5,-310.90000000000043,-327.8000000000002,-316.40000000000043,-279.7000000000014,-307.7,-321.7000000000005,-329.70000000000005,-311.6000000000003,-3810.2000000000035
520,488,-363.0000000000001,-363.5000000000002,-361.3000000000001,-362.10000000000014,-344.5000000000012,-365.8000000000004,-349.99999999999903,-315.7000000000008,-346.2999999999989,-348.5000000000002,-364.70000000000005,-352.6999999999989,-4238.099999999999
530,471,-358.1,-359.20000000000005,-357.9000000000001,-358.9000000000001,-342.7000000000009,-358.9000000000001,-341.30000000000024,-318.9000000000005,-342.3999999999997,-345.99999999999915,-361.60000000000025,-358.10000000000036,-4204.000000000002
540,464,-354.8,-355.5000000000002,-355.30000000000024,-354.1,-348.4000000000002,-356.10000000000014,-339.6999999999997,-308.9000000000009,-342.4999999999996,-345.69999999999993,-360.8000000000001,-345.8999999999998,-4167.700000000001
550,474,-359.0,-358.4000000000001,-359.10000000000014,-358.7000000000001,-354.3000000000002,-361.0,-339.5999999999988,-310.60000000000116,-352.19999999999953,-346.0999999999987,-362.7000000000003,-345.0999999999996,-4206.799999999998
560,438,-338.0000000000002,-337.9,-337.40000000000003,-337.5000000000001,-327.50000000000017,-338.5,-317.49999999999955,-299.30000000000064,-323.49999999999955,-336.9999999999992,-341.0,-328.4999999999999,-3963.5999999999995
570,461,-352.0000000000002,-351.29999999999995,-351.30000000000007,-352.0,-336.7000000000006,-353.6,-337.8000000000002,-308.4000000000012,-333.59999999999906,-344.90000000000043,-356.8000000000003,-353.90000000000026,-4132.300000000002
580,462,-348.8000000000001,-348.20000000000016,-348.0,-348.4000000000001,-333.2000000000012,-350.09999999999997,-341.39999999999975,-306.800000000001,-332.60000000000014,-334.9000000000002,-352.60000000000014,-335.9000000000002,-4080.900000000003
590,436,-335.3,-336.00000000000006,-335.10000000000014,-336.00000000000017,-321.40000000000094,-336.0,-317.2000000000003,-300.50000000000114,-321.79999999999853,-331.4999999999998,-340.40000000000026,-330.0999999999989,-3941.3
600,455,-346.4,-346.6,-346.10000000000014,-346.6,-335.30000000000024,-347.60000000000014,-337.19999999999965,-306.00000000000114,-333.80000000000035,-337.39999999999924,-350.29999999999995,-336.0000000000002,-4069.3
610,469,-357.1000000000001,-356.50000000000006,-357.00000000000006,-356.8000000000002,-344.90000000000055,-357.49999999999994,-338.99999999999915,-315.50000000000097,-343.09999999999866,-348.9,-359.90000000000026,-347.5000000000001,-4183.7
620,458,-348.0000000000002,-348.40000000000003,-348.4000000000001,-347.40000000000003,-339.10000000000053,-348.40000000000003,-336.89999999999964,-305.20000000000084,-331.00000000000017,-330.8000000000003,-353.6,-339.30000000000035,-4076.500000000002
630,438,-336.1000000000001,-335.3,-334.1000000000001,-334.8,-325.0000000000006,-336.3999999999999,-321.09999999999974,-299.50000000000017,-316.5999999999996,-315.9999999999996,-338.4,-324.49999999999994,-3917.7999999999997
640,428,-324.7,-324.69999999999993,-322.9,-324.0,-306.2000000000007,-324.29999999999995,-313.3,-281.1000000000011,-306.79999999999944,-319.4999999999996,-327.3000000000003,-311.8999999999994,-3786.7
650,436,-336.10000000000014,-336.10000000000014,-337.1000000000003,-337.0999999999999,-322.6000000000007,-339.9000000000003,-331.10000000000065,-297.4000000000005,-324.70000000000056,-323.80000000000007,-339.4000000000003,-334.5000000000006,-3959.8000000000043
660,431,-326.0000000000002,-324.2,-324.4,-325.8000000000002,-296.9000000000007,-325.80000000000007,-316.7999999999997,-288.40000000000066,-307.99999999999994,-314.99999999999943,-327.4000000000001,-318.2000000000002,-3796.9000000000015
670,450,-345.1,-343.30000000000007,-343.50000000000006,-344.0,-333.5000000000006,-344.5,-334.29999999999944,-299.90000000000066,-329.7000000000002,-334.20000000000056,-348.1000000000001,-335.9000000000001,-4036.0000000000014
680,444,-340.5000000000001,-341.0000000000001,-340.3000000000002,-340.5,-323.7000000000005,-341.8000000000002,-329.60000000000076,-296.20000000000095,-328.79999999999995,-338.3000000000003,-344.20000000000005,-335.1,-4000.000000000003
690,508,-385.00000000000006,-383.20000000000016,-383.9000000000002,-384.6000000000001,-381.4000000000005,-384.6000000000001,-365.4999999999991,-331.2000000000003,-359.8999999999985,-370.99999999999966,-388.0000000000004,-379.20000000000016,-4497.499999999999
700,479,-361.80000000000024,-361.6,-361.8000000000002,-361.70000000000005,-351.9000000000006,-364.0000000000001,-347.2000000000003,-315.00000000000074,-347.0000000000001,-349.0999999999991,-365.6000000000001,-350.59999999999854,-4237.299999999999
710,460,-352.6,-353.20000000000005,-352.4000000000001,-352.70000000000005,-341.7000000000004,-353.0000000000001,-338.89999999999964,-308.70000000000135,-339.8999999999987,-342.1999999999988,-356.70000000000005,-345.99999999999943,-4137.999999999998
720,445,-345.9000000000002,-345.4000000000002,-344.1000000000001,-346.10000000000014,-336.00000000000034,-346.29999999999995,-335.6999999999998,-308.5000000000011,-333.59999999999974,-339.3000000000006,-348.7000000000003,-331.99999999999915,-4061.6000000000017
730,487,-363.60000000000014,-364.4000000000002,-363.9000000000001,-363.4000000000001,-356.80000000000075,-365.2000000000003,-344.8999999999986,-317.0000000000009,-340.4999999999991,-348.39999999999964,-368.60000000000025,-355.00000000000017,-4251.700000000001
740,431,-338.20000000000016,-338.10000000000014,-338.1000000000006,-337.5,-327.00000000000057,-337.40000000000015,-326.4999999999997,-301.6999999999999,-326.700000000001,-333.30000000000086,-340.00000000000017,-334.0000000000003,-3978.500000000003
750,460,-348.20000000000005,-346.8000000000002,-346.4000000000001,-347.0,-331.7000000000006,-348.10000000000014,-331.8000000000002,-303.10000000000105,-326.70000000000016,-331.0999999999997,-349.8000000000003,-335.8000000000003,-4046.5000000000027
760,421,-324.1,-323.79999999999995,-323.1,-323.29999999999995,-312.5000000000003,-325.8000000000002,-311.20000000000016,-285.1000000000011,-308.50000000000057,-314.0000000000008,-327.9000000000001,-313.4999999999999,-3792.8000000000034
770,492,-371.4000000000001,-372.2000000000001,-372.0000000000001,-371.8000000000001,-357.80000000000064,-372.80000000000007,-362.09999999999945,-323.70000000000107,-355.8000000000002,-358.59999999999997,-375.10000000000014,-365.79999999999905,-4359.100000000001
780,462,-356.7000000000001,-357.3000000000001,-356.5,-356.9,-349.50000000000045,-358.10000000000014,-342.6999999999991,-314.50000000000045,-344.4000000000008,-349.8999999999998,-359.70000000000016,-348.2999999999993,-4194.5
790,485,-364.60000000000025,-363.7000000000001,-364.2000000000001,-364.2000000000001,-346.90000000000083,-365.6000000000002,-359.2000000000006,-314.8000000000009,-348.3000000000002,-353.3,-366.8000000000001,-355.79999999999984,-4267.400000000004
800,446,-340.40000000000003,-340.4000000000001,-339.5,-339.6,-329.90000000000094,-341.60000000000014,-325.3000000000003,-303.700000000001,-331.0999999999998,-331.40000000000043,-343.90000000000015,-326.0999999999998,-3992.9000000000033
810,440,-330.4,-330.1,-330.69999999999993,-330.70000000000005,-319.1000000000004,-331.80000000000007,-322.5999999999998,-286.6000000000006,-309.4999999999999,-321.1999999999997,-334.3000000000003,-319.39999999999964,-3866.4000000000005
820,440,-330.3,-329.5,-329.30000000000007,-331.0000000000002,-312.70000000000067,-331.4,-316.6999999999998,-285.8000000000009,-317.7999999999997,-314.7000000000002,-332.40000000000003,-321.8999999999999,-3853.5000000000023
830,454,-347.20000000000005,-348.10000000000014,-347.70000000000005,-347.90000000000003,-341.6000000000002,-349.1000000000002,-328.89999999999856,-301.10000000000184,-331.69999999999936,-343.0000000000002,-350.9000000000002,-338.8999999999995,-4076.100000000001
840,449,-349.3000000000002,-348.8,-348.9000000000002,-349.09999999999997,-339.20000000000056,-350.00000000000006,-340.90000000000003,-309.20000000000056,-327.09999999999997,-347.60000000000036,-353.70000000000016,-342.80000000000007,-4106.600000000002
850,438,-337.4000000000001,-337.80000000000035,-336.1,-336.30000000000007,-323.00000000000074,-338.29999999999995,-322.4000000000001,-298.80000000000047,-323.9999999999995,-327.2000000000005,-341.20000000000016,-329.0,-3951.5000000000023
860,468,-357.20000000000016,-355.80000000000007,-355.1,-356.1,-343.10000000000053,-355.9000000000001,-336.5000000000002,-312.30000000000166,-338.10000000000025,-345.8999999999997,-360.3000000000001,-350.50000000000017,-4166.800000000003
870,436,-335.1000000000003,-334.80000000000007,-334.30000000000007,-335.4,-312.50000000000045,-335.60000000000014,-328.10000000000025,-295.8000000000009,-326.29999999999984,-321.9999999999998,-337.1,-327.50000000000045,-3924.500000000002
880,462,-347.70000000000016,-347.4000000000001,-347.30000000000007,-347.5000000000001,-341.20000000000067,-348.9000000000002,-328.49999999999864,-305.9000000000004,-333.7999999999996,-339.00000000000045,-351.5000000000002,-331.29999999999995,-4070.000000000001
890,500,-377.2000000000001,-377.70000000000005,-379.3000000000002,-379.30000000000035,-363.9000000000006,-380.0000000000003,-364.49999999999966,-333.40000000000094,-367.8000000000003,-358.9999999999985,-383.5000000000002,-369.2999999999994,-4434.900000000001
900,458,-348.00000000000006,-347.0000000000001,-346.70000000000005,-346.9,-332.20000000000095,-348.0,-337.0999999999999,-301.500000000002,-327.6,-333.79999999999893,-352.9,-340.6000000000007,-4062.3000000000025
910,424,-326.1,-326.70000000000005,-327.0000000000001,-326.6000000000001,-312.9000000000005,-328.29999999999995,-315.4999999999999,-289.30000000000024,-313.00000000000034,-318.49999999999966,-329.6,-319.6999999999997,-3833.2000000000007
920,420,-317.30000000000007,-315.09999999999997,-315.59999999999997,-315.70000000000016,-298.70000000000084,-318.5,-305.4,-277.70000000000044,-294.90000000000066,-303.2000000000007,-318.4000000000001,-306.00000000000045,-3686.500000000003
930,496,-377.10000000000014,-377.9000000000001,-378.2000000000001,-377.5,-365.80000000000075,-380.5000000000002,-372.2999999999997,-331.1000000000005,-366.89999999999844,-366.0000000000001,-380.8000000000002,-369.39999999999947,-4443.499999999999
940,456,-347.70000000000005,-348.30000000000007,-347.3,-347.1,-339.0000000000005,-349.8999999999999,-328.3999999999993,-307.3000000000006,-333.90000000000003,-330.99999999999903,-351.60000000000014,-340.99999999999943,-4072.4999999999995
950,436,-338.4000000000002,-333.70000000000005,-333.30000000000007,-336.2,-311.10000000000065,-337.2000000000003,-327.10000000000014,-294.7000000000007,-320.50000000000034,-324.2000000000004,-337.69999999999993,-338.30000000000166,-3932.400000000004
960,435,-334.8000000000002,-332.8,-334.80000000000007,-333.80000000000007,-318.3000000000004,-336.9000000000003,-318.99999999999915,-292.20000000000056,-319.19999999999976,-322.80000000000007,-336.90000000000026,-331.10000000000014,-3912.6000000000013
970,466,-350.40000000000003,-352.10000000000014,-351.0000000000001,-350.1000000000001,-333.6000000000009,-352.70000000000005,-342.5999999999998,-307.8000000000003,-328.30000000000007,-340.1000000000002,-354.8000000000001,-343.29999999999956,-4106.800000000002
980,448,-346.0000000000001,-346.40000000000015,-346.19999999999993,-345.4,-335.10000000000076,-346.1,-332.39999999999856,-308.70000000000147,-332.70000000000016,-338.9999999999998,-351.30000000000064,-337.3999999999995,-4066.700000000002
990,442,-333.4,-334.5,-333.4,-334.0000000000001,-324.00000000000057,-335.50000000000006,-316.1000000000002,-292.4000000000013,-314.30000000000035,-320.39999999999947,-338.4000000000001,-323.0999999999998,-3899.5000000000023
1000,451,-344.6000000000001,-342.5000000000001,-342.8000000000001,-344.0000000000002,-327.2000000000007,-345.00000000000017,-330.19999999999953,-305.70000000000044,-335.3,-332.1,-345.5,-334.20000000000005,-4029.1000000000013
1010,452,-344.80000000000007,-345.0000000000001,-344.10000000000014,-345.30000000000007,-336.30000000000064,-345.20000000000005,-334.1,-308.30000000000024,-328.59999999999883,-337.39999999999986,-348.20000000000016,-334.20000000000033,-4051.5
1020,498,-377.8000000000002,-378.60000000000025,-377.9,-377.70000000000005,-368.2000000000003,-378.5000000000001,-364.49999999999955,-332.60000000000207,-358.8999999999985,-369.89999999999975,-381.10000000000036,-370.20000000000005,-4435.900000000001
1030,458,-344.1,-344.8000000000001,-344.30000000000007,-344.8,-331.60000000000076,-345.20000000000005,-320.0999999999989,-307.40000000000043,-333.4999999999998,-336.9000000000003,-351.2000000000001,-330.3999999999993,-4034.3
1040,393,-300.6000000000001,-300.80000000000007,-300.0000000000001,-300.4,-279.1000000000007,-300.99999999999994,-290.8999999999998,-264.90000000000066,-284.79999999999967,-294.4000000000001,-305.30000000000007,-290.8000000000002,-3513.0000000000014
1050,485,-369.8,-368.8000000000001,-370.9,-369.5000000000002,-359.30000000000064,-371.19999999999993,-359.6999999999998,-324.70000000000124,-362.19999999999965,-352.4999999999998,-372.1,-361.4999999999996,-4342.200000000001
1060,431,-329.00000000000006,-330.9000000000001,-329.29999999999995,-329.70000000000016,-315.4000000000007,-329.0000000000001,-316.9999999999999,-294.0000000000001,-308.0999999999998,-317.8,-334.5000000000003,-318.10000000000025,-3852.800000000002
1070,453,-343.7000000000001,-344.1000000000002,-344.5000000000001,-343.4000000000001,-332.40000000000055,-345.20000000000016,-326.99999999999966,-295.8000000000012,-328.8999999999994,-335.5999999999989,-347.5000000000001,-336.40000000000003,-4024.5
1080,462,-346.3000000000001,-348.2000000000001,-346.6,-346.5,-336.9000000000005,-347.8000000000001,-330.5999999999996,-307.70000000000044,-326.8000000000003,-330.2000000000003,-350.60000000000014,-337.99999999999943,-4056.200000000001
1090,416,-316.9000000000001,-316.5,-315.79999999999995,-316.5,-298.4000000000006,-317.20000000000005,-306.00000000000045,-280.1000000000006,-294.9000000000007,-308.8000000000003,-320.09999999999997,-308.89999999999924,-3700.1000000000013
1100,428,-329.40000000000003,-328.30000000000007,-329.30000000000007,-328.69999999999993,-310.50000000000074,-330.4000000000001,-322.29999999999995,-294.0000000000003,-316.1000000000003,-320.8000000000007,-332.4999999999999,-319.89999999999935,-3862.200000000001
1110,407,-313.49999999999994,-313.9999999999999,-313.6,-314.8000000000001,-300.8000000000003,-315.79999999999984,-297.9999999999995,-278.7000000000006,-302.00000000000006,-304.9,-316.4000000000001,-307.20000000000124,-3679.7000000000016
1120,425,-330.70000000000016,-331.20000000000016,-330.90000000000003,-331.10000000000014,-321.9000000000007,-331.3000000000002,-310.0000000000004,-302.40000000000026,-320.2000000000008,-319.9999999999995,-336.4000000000001,-322.2999999999999,-3888.400000000002
1130,448,-340.3000000000002,-339.80000000000007,-339.6000000000002,-339.20000000000005,-328.90000000000043,-340.3000000000001,-328.19999999999993,-299.00000000000136,-325.7000000000001,-331.2999999999991,-344.8000000000002,-325.89999999999867,-3983.000000000001
1140,511,-382.9000000000002,-381.8000000000001,-381.60000000000014,-381.9000000000001,-365.60000000000116,-384.00000000000017,-367.3999999999985,-328.90000000000094,-368.7000000000004,-371.59999999999957,-384.7000000000003,-374.5999999999989,-4473.699999999999
1150,425,-320.6,-320.0,-320.49999999999994,-320.80000000000007,-303.6000000000006,-322.8,-307.1,-277.700000000001,-310.5000000000002,-312.49999999999915,-323.09999999999997,-313.2000000000005,-3752.4000000000015
1160,439,-335.8000000000001,-334.4,-334.4,-335.50000000000006,-324.10000000000053,-335.4000000000001,-317.5999999999991,-298.10000000000093,-317.8000000000003,-330.6999999999999,-337.80000000000007,-330.49999999999943,-3932.1000000000004
1170,433,-331.6000000000001,-331.70000000000005,-332.2000000000001,-332.29999999999995,-322.30000000000035,-332.4000000000001,-315.3999999999999,-297.70000000000084,-321.39999999999964,-323.3999999999996,-335.9,-321.70000000000016,-3898.000000000001
1180,430,-322.6,-322.2000000000001,-321.6,-323.09999999999997,-306.40000000000083,-323.79999999999995,-315.1999999999997,-277.40000000000066,-305.4999999999992,-316.10000000000036,-326.10000000000014,-312.59999999999906,-3772.6
1190,416,-326.9999999999999,-326.0,-326.2,-326.5,-313.0000000000002,-327.59999999999997,-317.29999999999984,-288.20000000000095,-310.79999999999984,-326.2999999999998,-330.20000000000005,-325.9000000000001,-3845.0000000000005
1200,428,-333.10000000000025,-331.0,-330.6,-331.40000000000003,-317.20000000000056,-331.9000000000001,-316.4000000000002,-298.60000000000025,-320.3000000000002,-319.5000000000001,-334.1,-323.89999999999986,-3888.000000000002
1210,404,-313.60000000000014,-311.0,-310.79999999999995,-311.5999999999999,-293.6000000000009,-312.79999999999995,-306.09999999999985,-278.50000000000034,-295.50000000000034,-311.10000000000025,-315.1,-305.1000000000003,-3664.800000000002
1220,456,-343.1,-344.20000000000005,-343.0,-344.0,-330.1000000000008,-344.7,-330.8999999999996,-301.8000000000007,-327.5999999999992,-332.2999999999999,-347.9,-330.29999999999933,-4019.8999999999996
1230,444,-340.20000000000044,-337.5000000000001,-337.2000000000001,-339.3000000000003,-322.70000000000044,-338.70000000000005,-330.5999999999999,-292.7000000000011,-316.4999999999999,-331.40000000000055,-341.5000000000003,-329.2000000000006,-3957.500000000004
1240,444,-337.00000000000006,-338.60000000000025,-337.0,-337.80000000000007,-322.5000000000006,-338.3000000000002,-321.5000000000002,-302.0000000000006,-320.49999999999875,-335.8000000000007,-342.7000000000005,-328.9000000000003,-3962.600000000002
1250,454,-336.70000000000005,-336.60000000000014,-336.29999999999995,-336.69999999999993,-324.8000000000008,-338.9000000000002,-323.6,-288.40000000000146,-315.3999999999995,-327.3999999999993,-339.70000000000005,-330.80000000000007,-3935.300000000002
1260,456,-346.80000000000007,-346.2,-346.80000000000007,-346.4000000000001,-332.50000000000085,-347.9000000000001,-334.2999999999999,-314.2000000000012,-328.49999999999983,-336.1999999999997,-351.80000000000035,-338.30000000000007,-4069.9000000000024
1270,502,-373.60000000000014,-375.0000000000001,-374.1000000000001,-374.20000000000016,-359.20000000000056,-374.40000000000003,-358.4999999999986,-322.8000000000006,-364.49999999999926,-357.5999999999998,-378.40000000000043,-357.99999999999864,-4370.299999999998
1280,493,-385.0000000000002,-383.8000000000002,-382.30000000000007,-382.4000000000001,-371.80000000000115,-384.60000000000014,-374.39999999999964,-344.9000000000015,-372.70000000000033,-376.2000000000004,-387.60000000000014,-377.5999999999998,-4523.300000000003
1290,407,-318.09999999999997,-318.9000000000001,-316.5,-317.6,-305.0000000000007,-317.79999999999995,-303.1999999999997,-284.80000000000064,-297.69999999999976,-307.5999999999998,-321.0,-310.89999999999975,-3719.1000000000004
1300,443,-341.70000000000016,-340.69999999999993,-340.5,-341.09999999999997,-327.3000000000005,-341.20000000000016,-329.4999999999998,-306.3999999999999,-323.69999999999885,-326.29999999999956,-345.5000000000001,-334.0000000000004,-3997.9
1310,455,-346.0,-345.1,-345.3,-345.5,-330.1000000000009,-346.60000000000014,-335.19999999999965,-303.9000000000009,-316.79999999999967,-334.49999999999955,-349.2000000000003,-342.8999999999997,-4041.1000000000013
1320,448,-340.6000000000001,-339.80000000000007,-340.1000000000001,-339.70000000000005,-327.40000000000094,-340.9,-326.5000000000007,-299.30000000000064,-325.6999999999994,-333.90000000000003,-343.3000000000002,-329.0999999999999,-3986.300000000002
1330,440,-331.1000000000001,-330.70000000000005,-330.60000000000014,-332.8,-313.70000000000095,-332.1,-318.499999999999,-285.5000000000009,-316.49999999999994,-316.99999999999966,-333.50000000000006,-317.59999999999974,-3859.600000000001
1340,418,-320.0999999999999,-318.6,-318.6,-321.7000000000001,-305.70000000000033,-321.8000000000001,-306.7000000000002,-278.40000000000106,-305.4999999999995,-311.09999999999934,-321.6,-313.8999999999997,-3743.7000000000003
1350,474,-367.50000000000006,-368.60000000000014,-369.6,-366.8000000000002,-361.00000000000045,-368.3000000000003,-363.69999999999965,-324.5000000000008,-360.70000000000056,-351.7999999999997,-371.60000000000025,-366.1000000000001,-4340.200000000003
1360,502,-371.40000000000003,-371.3000000000001,-371.80000000000007,-371.9,-355.6000000000006,-374.30000000000007,-360.20000000000005,-314.40000000000083,-359.89999999999964,-360.3999999999988,-374.8000000000003,-356.39999999999935,-4342.4
1370,464,-357.40000000000055,-354.20000000000005,-354.70000000000005,-356.4000000000003,-342.20000000000084,-359.4000000000001,-348.1999999999992,-311.1000000000006,-346.0,-347.19999999999965,-360.20000000000005,-349.09999999999945,-4186.100000000001
1380,420,-325.7000000000001,-323.79999999999995,-324.5000000000002,-324.7,-315.10000000000065,-325.0999999999999,-316.0999999999997,-284.90000000000094,-309.40000000000043,-321.2999999999996,-329.60000000000025,-314.2999999999984,-3814.5000000000005
1390,457,-347.90000000000003,-347.70000000000005,-347.1000000000001,-349.5000000000001,-337.6000000000005,-348.30000000000007,-340.0000000000008,-300.2000000000007,-325.80000000000064,-338.3999999999995,-350.2000000000001,-341.6000000000002,-4074.3000000000034
1400,431,-328.6,-328.4,-328.09999999999997,-328.60000000000014,-316.0000000000005,-329.7,-313.7999999999994,-289.80000000000126,-311.2999999999992,-328.3,-331.8000000000002,-317.8999999999988,-3852.2999999999993
1410,480,-369.20000000000005,-368.20000000000005,-368.9000000000001,-369.1000000000001,-367.60000000000025,-369.5,-356.0999999999988,-322.9000000000008,-351.09999999999917,-362.9000000000005,-370.9000000000001,-362.80000000000007,-4339.2
1420,475,-363.80000000000007,-364.5,-364.5,-364.6,-353.7000000000009,-366.30000000000007,-352.3999999999991,-317.1000000000007,-356.0999999999997,-356.80000000000007,-370.70000000000005,-357.7,-4288.200000000001
1430,447,-332.2000000000001,-332.69999999999993,-332.30000000000007,-332.2,-319.40000000000055,-334.1,-316.00000000000045,-287.40000000000174,-311.6,-320.5999999999998,-334.9000000000001,-325.1000000000005,-3878.500000000003
1440,430,-326.20000000000005,-325.1,-325.0,-326.9000000000003,-307.4000000000008,-326.70000000000005,-311.9000000000003,-284.9000000000006,-302.50000000000034,-318.29999999999956,-328.80000000000007,-317.4999999999994,-3801.200000000002
1450,439,-328.20000000000005,-327.49999999999994,-327.9000000000001,-328.2000000000002,-304.50000000000034,-330.0999999999999,-321.89999999999964,-287.8000000000006,-306.9999999999998,-313.8999999999994,-332.8000000000002,-322.39999999999935,-3832.1999999999994
1460,436,-332.5,-332.29999999999995,-332.80000000000007,-332.90000000000003,-317.00000000000085,-333.70000000000016,-321.90000000000003,-286.70000000000107,-317.4000000000008,-331.7000000000002,-336.29999999999995,-330.7000000000004,-3905.9000000000037
1470,467,-359.1,-360.5,-358.70000000000005,-360.00000000000006,-349.30000000000086,-360.5,-349.69999999999993,-317.50000000000017,-334.0999999999992,-346.30000000000086,-366.40000000000026,-354.3999999999994,-4216.500000000001
1480,461,-345.8000000000002,-345.40000000000003,-346.70000000000016,-346.3000000000001,-328.10000000000065,-347.9999999999999,-334.6000000000001,-301.30000000000115,-325.99999999999915,-331.8999999999995,-349.4000000000002,-339.59999999999974,-4043.100000000001
1490,445,-347.60000000000014,-346.3000000000002,-344.9,-345.4,-335.2000000000004,-346.4,-336.3999999999995,-304.6999999999999,-321.60000000000025,-345.50000000000045,-351.8000000000003,-340.4000000000001,-4066.200000000001
1500,488,-365.0000000000001,-364.9000000000001,-365.0000000000001,-364.80000000000007,-350.4000000000006,-366.10000000000014,-359.3999999999998,-314.6000000000007,-342.09999999999957,-350.7999999999996,-369.10000000000025,-351.4999999999993,-4263.7
1510,444,-341.4000000000002,-341.40000000000003,-341.50000000000006,-341.8,-330.1000000000007,-342.9000000000001,-328.69999999999993,-302.30000000000115,-321.6999999999986,-340.5999999999991,-347.00000000000045,-332.3000000000002,-4011.7
1520,417,-321.2,-320.79999999999995,-319.70000000000005,-321.0,-304.30000000000075,-321.1,-311.19999999999993,-284.7000000000002,-302.10000000000036,-311.59999999999957,-325.50000000000017,-312.69999999999993,-3755.9000000000005
1530,460,-345.69999999999993,-345.6,-346.4000000000001,-345.8000000000002,-331.7000000000007,-347.0,-339.3000000000005,-299.20000000000124,-326.5,-341.3000000000003,-348.0000000000001,-337.3000000000007,-4053.8000000000034
1540,423,-319.3000000000001,-317.70000000000005,-317.70000000000005,-317.30000000000007,-293.3000000000005,-317.9,-306.39999999999947,-278.0000000000016,-289.60000000000014,-317.59999999999957,-321.5000000000001,-312.0999999999999,-3708.400000000002
1550,481,-362.3000000000002,-361.80000000000007,-362.1000000000001,-361.9000000000001,-343.40000000000083,-362.4,-354.39999999999975,-309.7000000000011,-352.0000000000004,-345.09999999999957,-366.3000000000001,-357.9999999999998,-4239.4000000000015
1560,455,-339.80000000000007,-340.0,-339.1000000000001,-340.30000000000007,-326.5000000000007,-340.4000000000001,-323.79999999999967,-292.5000000000008,-329.20000000000124,-325.8999999999998,-342.5,-327.7000000000002,-3967.7000000000025
1570,460,-349.39999999999986,-348.5,-348.0,-348.0,-338.50000000000034,-349.49999999999994,-338.5000000000001,-310.6000000000006,-330.1000000000002,-335.29999999999905,-350.6,-333.4999999999996,-4080.5
1580,459,-352.60000000000014,-351.5000000000002,-350.30000000000007,-350.4000000000001,-341.4000000000005,-351.6,-333.3999999999993,-310.200000000002,-330.39999999999947,-341.3999999999993,-355.40000000000015,-344.9000000000004,-4113.500000000002
1590,490,-369.6000000000001,-369.4000000000001,-368.9000000000001,-369.00000000000017,-362.50000000000045,-370.0,-359.69999999999936,-317.7000000000005,-345.09999999999883,-350.9999999999994,-372.7000000000004,-359.3000000000003,-4314.900000000001
1600,424,-324.6999999999999,-322.20000000000005,-321.9,-323.0999999999999,-301.0000000000011,-323.5,-304.9,-286.90000000000094,-309.2999999999993,-316.19999999999965,-325.5000000000001,-317.79999999999995,-3777.000000000001
1610,416,-318.1,-317.6,-316.5,-318.3000000000002,-300.6000000000007,-318.20000000000005,-305.9,-280.60000000000053,-296.49999999999994,-309.2000000000004,-320.0,-310.30000000000007,-3711.8000000000015
1620,436,-327.99999999999994,-327.59999999999997,-326.80000000000007,-327.79999999999995,-309.40000000000094,-328.5,-313.29999999999984,-281.8000000000013,-307.09999999999974,-317.3999999999995,-330.8000000000002,-322.39999999999947,-3820.900000000001
1630,472,-359.9000000000001,-359.4000000000001,-360.0000000000001,-359.70000000000005,-352.30000000000047,-361.20000000000005,-346.79999999999995,-316.3000000000001,-347.9,-351.4999999999999,-363.20000000000016,-353.2999999999998,-4231.500000000002
1640,431,-326.7,-327.20000000000016,-326.5,-327.6,-312.5000000000006,-329.0,-317.5999999999997,-289.20000000000044,-310.5999999999996,-315.8999999999996,-330.10000000000025,-317.1999999999997,-3830.1
1650,462,-346.4000000000001,-347.0,-346.6,-346.4,-336.0000000000008,-347.3,-334.7999999999988,-302.70000000000067,-327.2999999999993,-331.9999999999988,-352.10000000000036,-339.2999999999997,-4057.8999999999987
1660,472,-357.5000000000002,-358.30000000000007,-357.3000000000001,-357.70000000000016,-347.90000000000083,-359.60000000000014,-342.2000000000003,-313.4000000000003,-340.5999999999996,-350.8999999999995,-360.5000000000001,-351.4999999999998,-4197.4000000000015
1670,443,-344.3000000000002,-342.4,-342.0000000000001,-345.00000000000034,-332.9000000000006,-343.20000000000016,-328.3999999999992,-308.5999999999997,-323.3999999999999,-338.20000000000016,-346.19999999999993,-343.40000000000117,-4038.0000000000014
1680,454,-345.4000000000001,-345.30000000000007,-345.70000000000016,-346.30000000000007,-325.50000000000074,-348.8000000000004,-337.2999999999993,-298.60000000000065,-339.30000000000047,-337.0999999999998,-349.9,-344.8000000000005,-4064.0000000000027
1690,435,-334.9,-336.10000000000025,-335.4,-335.8,-318.30000000000035,-337.8000000000002,-325.19999999999993,-302.0000000000002,-320.9999999999994,-330.299999999999,-339.9000000000003,-330.0000000000004,-3946.7000000000003
1700,442,-335.19999999999993,-332.4,-332.1,-333.29999999999995,-321.00000000000085,-333.90000000000003,-315.59999999999985,-290.70000000000084,-317.3,-318.69999999999936,-336.2000000000002,-322.29999999999984,-3888.700000000001
1710,500,-373.8000000000002,-374.20000000000005,-373.90000000000003,-374.20000000000005,-361.1000000000009,-375.10000000000025,-360.89999999999964,-328.0000000000001,-354.0999999999991,-360.1999999999991,-377.4000000000001,-361.0999999999992,-4373.999999999998
1720,439,-338.4,-337.6000000000001,-336.70000000000005,-336.5,-321.8000000000007,-340.1000000000004,-323.5999999999993,-295.80000000000126,-321.30000000000007,-328.499999999999,-340.1000000000001,-332.3999999999997,-3952.8
1730,447,-336.6,-336.70000000000005,-337.0,-337.30000000000007,-324.90000000000055,-337.79999999999995,-327.79999999999916,-296.00000000000097,-316.20000000000033,-323.6999999999994,-339.8,-322.89999999999895,-3936.7
1740,434,-331.1,-330.30000000000007,-329.1,-330.20000000000005,-307.00000000000085,-330.2,-314.6000000000006,-292.30000000000143,-318.0999999999993,-317.90000000000003,-333.4000000000002,-324.5999999999991,-3858.800000000002
1750,451,-344.70000000000005,-344.69999999999993,-344.8000000000002,-345.7000000000003,-330.90000000000026,-346.2,-329.4000000000002,-308.10000000000076,-330.7999999999991,-335.50000000000057,-348.0000000000001,-336.69999999999914,-4045.500000000001
1760,504,-385.5000000000001,-386.0000000000002,-386.30000000000007,-385.6000000000002,-381.5000000000009,-388.0000000000001,-377.8999999999993,-343.4000000000019,-362.79999999999916,-374.8000000000001,-391.7000000000004,-376.9999999999991,-4540.500000000002
1770,452,-340.9000000000001,-342.30000000000007,-341.20000000000005,-341.6,-324.3000000000006,-344.40000000000026,-334.7,-295.4000000000007,-324.9999999999998,-332.8999999999998,-345.7000000000001,-334.6999999999995,-4003.1000000000004
1780,469,-356.0,-354.50000000000017,-354.20000000000005,-355.30000000000007,-344.40000000000055,-355.9,-343.59999999999997,-307.5000000000008,-337.3999999999993,-347.2000000000005,-357.9000000000002,-344.30000000000047,-4158.200000000003
1790,449,-338.00000000000017,-337.8000000000002,-337.6,-338.8999999999999,-325.5000000000007,-342.4999999999999,-327.2000000000004,-293.4000000000004,-319.7999999999996,-336.0999999999992,-340.9000000000001,-331.8000000000002,-3969.5000000000014
1800,439,-338.9,-337.5,-337.6,-338.69999999999993,-323.2000000000005,-339.29999999999995,-327.80000000000047,-304.50000000000006,-326.1999999999999,-326.7999999999997,-342.20000000000033,-329.20000000000005,-3971.9000000000005
1810,449,-344.10000000000014,-342.0,-342.5,-344.30000000000007,-327.6000000000004,-343.0000000000001,-324.99999999999903,-296.90000000000055,-325.80000000000035,-337.4000000000003,-345.70000000000005,-336.80000000000064,-4011.100000000001
1820,437,-340.60000000000014,-338.69999999999993,-337.90000000000003,-338.80000000000007,-329.5000000000007,-339.6,-318.8000000000001,-295.3000000000011,-323.5999999999999,-331.9999999999991,-343.00000000000006,-336.0000000000004,-3973.8000000000015
1830,432,-329.1,-329.4,-327.9,-328.6,-309.5000000000007,-328.80000000000007,-321.49999999999966,-293.00000000000125,-307.3000000000007,-325.19999999999965,-332.00000000000017,-318.6000000000006,-3850.9000000000024
1840,453,-336.1000000000001,-335.8000000000001,-335.30000000000007,-336.80000000000024,-321.6000000000005,-337.29999999999995,-314.4000000000011,-288.50000000000074,-311.4999999999994,-326.9999999999993,-340.0000000000001,-327.20000000000056,-3911.5000000000027
1850,433,-325.5999999999999,-325.19999999999993,-326.0,-326.3000000000002,-305.3000000000011,-326.4,-315.7999999999995,-283.9000000000004,-313.1000000000002,-313.4999999999996,-328.4000000000001,-317.5000000000005,-3807.0000000000014
1860,423,-318.90000000000003,-318.8,-319.0,-320.0999999999999,-300.40000000000083,-320.29999999999995,-306.10000000000014,-277.20000000000186,-306.49999999999983,-310.2000000000005,-323.50000000000034,-308.29999999999995,-3729.300000000004
1870,477,-360.80000000000007,-359.8,-359.1000000000001,-359.30000000000007,-350.20000000000033,-361.8000000000002,-351.99999999999983,-312.400000000001,-342.50000000000006,-355.09999999999894,-366.8000000000006,-347.19999999999936,-4227.000000000001
1880,496,-374.10000000000014,-375.5000000000001,-375.1,-374.70000000000005,-361.6000000000013,-376.30000000000007,-361.3999999999998,-329.80000000000194,-361.9999999999993,-366.1999999999988,-378.10000000000036,-368.1999999999988,-4403.000000000001
1890,488,-373.30000000000007,-372.2000000000001,-372.1000000000001,-372.9,-360.40000000000066,-374.79999999999995,-357.19999999999965,-334.70000000000164,-366.3999999999998,-363.7000000000001,-376.3000000000001,-370.2999999999996,-4394.300000000002
1900,432,-328.70000000000016,-330.6000000000001,-328.4,-328.4,-320.60000000000014,-329.1000000000001,-304.6000000000005,-282.10000000000093,-313.79999999999905,-318.79999999999916,-333.1000000000001,-320.8999999999994,-3839.0999999999995
1910,450,-347.4000000000002,-347.30000000000007,-346.0,-348.0000000000001,-337.90000000000043,-347.5000000000001,-329.4999999999992,-299.60000000000025,-335.69999999999993,-333.00000000000034,-349.3,-347.50000000000045,-4068.700000000001
1920,437,-333.60000000000014,-333.20000000000016,-331.9,-333.5000000000002,-316.20000000000095,-334.70000000000005,-319.79999999999956,-292.40000000000066,-310.9,-321.9,-334.70000000000005,-328.1999999999997,-3891.000000000002
1930,472,-359.60000000000014,-359.00000000000006,-359.7000000000002,-359.4000000000001,-345.8000000000006,-361.1,-347.49999999999943,-316.10000000000093,-350.09999999999957,-343.299999999999,-360.70000000000005,-350.7,-4213.0
1940,449,-343.80000000000024,-340.4000000000001,-341.10000000000014,-342.1000000000003,-326.10000000000093,-345.7000000000005,-334.00000000000057,-295.40000000000043,-325.7000000000004,-327.60000000000053,-344.1000000000002,-337.6000000000005,-4003.600000000005
1950,421,-316.0,-315.9,-316.2000000000001,-315.3,-298.1000000000006,-320.7000000000006,-297.39999999999964,-275.50000000000074,-297.99999999999955,-302.0000000000005,-320.0000000000003,-312.9999999999998,-3688.100000000002
1960,437,-328.59999999999997,-328.70000000000016,-329.20000000000016,-328.1,-313.1000000000007,-329.4000000000001,-318.80000000000075,-290.10000000000076,-314.20000000000084,-326.89999999999975,-332.30000000000007,-317.5000000000002,-3856.9000000000033
1970,428,-335.30000000000007,-331.9,-331.30000000000007,-332.20000000000005,-317.5000000000007,-333.0,-320.2999999999998,-300.00000000000085,-314.7000000000002,-325.7000000000004,-335.29999999999995,-324.80000000000086,-3902.0000000000036
1980,463,-352.3000000000003,-351.30000000000007,-350.10000000000014,-351.29999999999995,-334.5000000000002,-352.60000000000036,-336.5999999999993,-303.300000000001,-330.7999999999989,-339.9,-354.30000000000007,-344.1000000000006,-4101.100000000001
1990,420,-321.1000000000001,-319.5,-319.8000000000001,-319.2,-301.9000000000008,-320.90000000000003,-312.09999999999985,-280.6000000000004,-304.00000000000017,-313.8999999999997,-324.0,-309.3000000000003,-3746.300000000001
