Episode,Steps,Agent0,Agent1,Agent2,Agent3,Agent4,Agent5,Agent6,Agent7,Agent8,Agent9,Agent10,Agent11,Total
0,497,-465.70000000000215,-460.30000000000075,-465.10000000000196,-466.50000000000114,-462.9000000000031,-469.7000000000028,-469.1000000000034,-481.6000000000045,-479.3000000000043,-484.0000000000043,-495.7000000000041,-490.60000000000406,-5690.500000000037
10,324,-271.79999999999995,-271.1999999999998,-269.7999999999999,-267.79999999999995,-263.10000000000025,-269.40000000000003,-257.50000000000045,-272.6000000000002,-265.59999999999997,-273.3999999999999,-273.5999999999997,-280.09999999999934,-3235.8999999999996
20,475,-425.40000000000146,-424.50000000000074,-416.9000000000001,-418.6000000000003,-422.600000000002,-425.3000000000006,-412.9000000000007,-435.30000000000234,-437.0000000000034,-426.2000000000029,-442.000000000002,-451.50000000000375,-5138.20000000002
30,473,-423.4000000000008,-428.2000000000006,-422.9000000000002,-419.20000000000016,-410.8000000000018,-426.9000000000014,-417.8000000000012,-439.40000000000293,-439.7000000000034,-433.10000000000133,-443.7000000000029,-454.50000000000347,-5159.60000000002
40,603,-547.600000000001,-557.8000000000004,-540.7000000000038,-546.2000000000011,-551.6000000000023,-542.0000000000017,-530.1000000000034,-573.4000000000038,-536.6000000000037,-534.2000000000041,-573.5000000000042,-593.9000000000058,-6627.600000000037
50,589,-535.9000000000016,-534.8000000000012,-520.5000000000005,-534.4000000000007,-542.0000000000032,-523.8000000000015,-523.6000000000023,-550.9000000000026,-498.30000000000354,-535.6000000000035,-526.000000000002,-541.5000000000041,-6367.300000000027
60,506,-473.70000000000323,-467.0000000000018,-459.20000000000215,-471.9000000000025,-448.4000000000019,-462.8000000000016,-472.6000000000025,-467.6000000000035,-455.3000000000019,-483.70000000000437,-466.6000000000025,-477.6000000000036,-5606.4000000000315
70,766,-707.3000000000028,-728.3000000000037,-716.700000000002,-709.8000000000056,-708.3000000000028,-721.0000000000039,-706.7000000000043,-738.6000000000059,-720.6000000000045,-710.7000000000039,-728.7000000000069,-759.2000000000081,-8655.900000000056
80,507,-462.1000000000012,-462.60000000000053,-445.50000000000153,-452.80000000000234,-449.50000000000125,-457.4000000000007,-454.9000000000034,-455.80000000000155,-442.0000000000004,-465.0000000000039,-470.8000000000021,-476.6000000000024,-5495.000000000021
90,478,-422.60000000000065,-421.80000000000007,-418.50000000000017,-423.5000000000028,-400.2000000000007,-423.90000000000015,-429.10000000000275,-411.10000000000264,-412.2000000000007,-433.20000000000306,-419.60000000000167,-425.2000000000016,-5040.900000000017
100,1999,-1861.0000000000364,-2094.3999999999214,-1830.7000000000319,-1806.3000000000306,-2073.3999999999246,-1833.2000000000323,-1807.8000000000313,-2085.6999999999207,-1802.2000000000298,-1811.1000000000313,-2121.399999999924,-2125.999999999924,-23253.19999999984
110,509,-443.3000000000007,-446.5000000000011,-429.60000000000105,-434.80000000000206,-433.50000000000136,-431.4000000000015,-425.29999999999905,-406.89999999999924,-428.20000000000175,-442.5000000000024,-453.3000000000032,-465.1000000000037,-5240.400000000017
120,558,-493.0000000000001,-517.9000000000018,-478.4000000000024,-479.50000000000114,-504.9000000000025,-480.0000000000024,-470.199999999999,-475.2000000000008,-481.4000000000012,-482.5000000000017,-542.7000000000053,-543.1000000000049,-5948.800000000023
130,477,-430.5000000000018,-431.0000000000017,-424.500000000003,-422.30000000000143,-418.3000000000013,-424.10000000000247,-417.3000000000005,-408.1000000000017,-424.9000000000027,-426.1000000000028,-432.1000000000026,-449.60000000000286,-5108.800000000026
140,497,-465.4000000000029,-463.7000000000019,-461.9000000000019,-448.60000000000014,-456.700000000003,-461.8000000000031,-458.5000000000034,-441.200000000003,-468.7000000000039,-463.5000000000033,-463.000000000002,-485.6000000000034,-5538.600000000032
150,521,-484.3000000000029,-483.50000000000233,-480.50000000000375,-481.2000000000034,-468.4000000000022,-481.60000000000133,-469.10000000000264,-445.4000000000016,-476.7000000000018,-489.3000000000039,-495.70000000000505,-511.80000000000473,-5767.5000000000355
160,427,-407.20000000000243,-387.0000000000006,-395.30000000000285,-404.50000000000256,-378.6000000000008,-392.6000000000007,-397.40000000000265,-372.10000000000156,-395.49999999999966,-409.7000000000027,-405.80000000000274,-402.30000000000047,-4748.000000000019
170,466,-448.3000000000036,-431.30000000000103,-436.10000000000235,-451.3000000000035,-434.80000000000274,-443.60000000000275,-434.2000000000039,-400.9000000000017,-443.2000000000023,-449.8000000000036,-437.1000000000015,-449.5000000000033,-5260.100000000033
180,455,-437.40000000000333,-417.5000000000003,-420.10000000000133,-427.4000000000024,-407.2000000000015,-425.2000000000019,-421.60000000000093,-391.50000000000136,-420.7000000000014,-432.8000000000021,-426.80000000000075,-432.80000000000217,-5061.00000000002
190,537,-525.9000000000043,-504.2000000000017,-522.7000000000049,-518.0000000000047,-502.3000000000034,-505.60000000000315,-516.2000000000029,-477.60000000000286,-509.80000000000393,-518.200000000004,-502.200000000003,-525.9000000000044,-6128.600000000043
200,430,-406.90000000000214,-393.10000000000196,-393.8000000000013,-400.50000000000284,-384.20000000000164,-401.200000000001,-402.5000000000028,-380.8000000000022,-396.8000000000007,-410.4000000000027,-393.50000000000176,-405.500000000002,-4769.2000000000235
210,491,-474.5000000000042,-460.900000000001,-469.2000000000016,-471.70000000000414,-448.30000000000206,-466.10000000000304,-443.50000000000017,-448.8000000000022,-472.0000000000023,-483.70000000000414,-475.6000000000026,-467.7000000000033,-5582.00000000003
220,394,-381.60000000000184,-350.2000000000001,-365.4000000000007,-365.50000000000176,-345.6000000000006,-356.5000000000006,-360.8999999999997,-339.8,-356.3000000000009,-369.50000000000165,-354.29999999999967,-361.6000000000001,-4307.200000000008
230,413,-392.3000000000009,-370.39999999999964,-372.4000000000008,-382.30000000000246,-360.1000000000002,-373.20000000000016,-371.7999999999998,-354.89999999999975,-368.3000000000002,-381.700000000002,-377.30000000000115,-381.0000000000009,-4485.700000000008
240,328,-290.3000000000004,-276.70000000000005,-286.39999999999975,-284.49999999999943,-262.40000000000003,-287.4000000000001,-278.50000000000034,-267.6999999999998,-282.70000000000044,-289.4999999999991,-284.7999999999995,-280.3000000000002,-3371.199999999999
250,308,-269.3999999999998,-257.9999999999999,-261.69999999999914,-266.49999999999983,-255.0999999999999,-262.0999999999996,-262.5999999999999,-240.3999999999999,-260.49999999999994,-265.1999999999996,-258.69999999999993,-256.19999999999976,-3116.399999999997
260,445,-431.30000000000297,-393.80000000000075,-412.5000000000022,-406.70000000000186,-392.2000000000022,-401.8000000000009,-417.7000000000011,-387.40000000000117,-406.7000000000005,-393.30000000000024,-405.9000000000014,-412.8000000000027,-4862.100000000019
270,392,-374.7000000000021,-354.2000000000007,-356.700000000002,-367.50000000000176,-341.60000000000014,-354.50000000000085,-354.50000000000006,-337.3000000000007,-353.39999999999975,-364.50000000000074,-359.70000000000044,-368.000000000002,-4286.600000000011
280,433,-423.80000000000285,-396.30000000000035,-414.8000000000025,-407.7000000000029,-389.9000000000008,-404.30000000000064,-388.6999999999997,-385.49999999999955,-408.10000000000076,-403.90000000000293,-398.8000000000019,-400.4000000000014,-4822.200000000016
290,438,-425.30000000000257,-401.2000000000007,-415.7000000000003,-417.0000000000027,-401.300000000002,-413.3000000000008,-408.19999999999965,-395.4000000000019,-411.30000000000183,-412.70000000000294,-420.20000000000306,-422.30000000000234,-4943.900000000021
300,517,-498.00000000000296,-470.90000000000174,-496.2000000000043,-483.30000000000024,-471.5000000000021,-488.10000000000394,-479.20000000000135,-438.5000000000023,-478.8000000000035,-490.40000000000344,-478.400000000003,-482.10000000000207,-5755.4000000000315
310,372,-345.5000000000006,-333.8999999999994,-342.9,-332.3000000000008,-320.4000000000008,-334.00000000000045,-335.4000000000005,-313.6000000000004,-323.20000000000067,-339.0000000000008,-340.6000000000005,-342.90000000000066,-4003.7000000000053
320,330,-296.00000000000057,-291.7000000000003,-286.89999999999975,-286.8999999999999,-286.50000000000017,-301.5999999999999,-289.80000000000047,-275.9,-283.9000000000005,-289.20000000000084,-290.49999999999966,-300.80000000000047,-3479.7000000000025
330,563,-554.2000000000057,-523.8000000000006,-548.0000000000056,-515.6000000000015,-523.600000000003,-530.8000000000031,-526.5000000000006,-523.0000000000033,-542.7000000000046,-545.5000000000058,-544.9000000000051,-558.0000000000057,-6436.600000000043
340,507,-492.90000000000424,-462.2000000000012,-474.30000000000337,-467.70000000000164,-474.00000000000335,-474.60000000000105,-478.8000000000028,-475.7000000000034,-493.7000000000038,-478.80000000000365,-490.3000000000046,-494.40000000000373,-5757.400000000036
350,393,-350.2000000000004,-334.50000000000057,-345.10000000000093,-339.1000000000001,-322.80000000000064,-340.60000000000036,-331.9999999999991,-322.60000000000065,-349.19999999999936,-331.9999999999981,-350.3000000000014,-339.60000000000014,-4058.000000000002
360,328,-283.1999999999997,-276.4999999999998,-290.7999999999998,-279.20000000000016,-274.90000000000026,-286.5999999999994,-270.70000000000005,-253.1000000000003,-284.9,-265.7000000000003,-281.80000000000047,-276.4999999999999,-3323.9000000000005
370,344,-322.0999999999997,-299.89999999999986,-300.90000000000043,-298.29999999999984,-288.7000000000005,-296.4999999999998,-288.89999999999975,-285.4000000000002,-297.7999999999995,-299.49999999999955,-315.29999999999933,-317.69999999999993,-3610.9999999999977
380,395,-380.7000000000018,-373.9000000000015,-372.40000000000185,-359.20000000000044,-372.00000000000205,-371.9000000000016,-365.4000000000009,-371.6000000000013,-372.8000000000013,-373.10000000000093,-378.2000000000006,-376.3999999999997,-4467.600000000015
390,425,-415.20000000000266,-390.40000000000043,-383.40000000000066,-382.90000000000146,-380.00000000000125,-384.79999999999984,-378.40000000000083,-387.50000000000244,-396.3000000000012,-395.70000000000186,-401.600000000001,-409.4000000000027,-4705.600000000016
400,314,-270.8,-266.6999999999997,-267.09999999999985,-262.1999999999998,-261.6999999999995,-269.19999999999976,-262.49999999999994,-255.49999999999918,-262.4,-252.00000000000028,-264.39999999999975,-269.29999999999984,-3163.799999999998
410,413,-394.20000000000243,-373.7000000000006,-375.2999999999996,-369.60000000000156,-379.0000000000013,-375.30000000000126,-374.2000000000014,-369.30000000000206,-370.90000000000134,-364.700000000001,-386.40000000000066,-391.0000000000024,-4523.600000000017
420,509,-504.8000000000047,-489.1000000000029,-475.90000000000214,-469.500000000001,-489.4000000000043,-487.40000000000094,-485.8000000000014,-477.2000000000018,-498.80000000000337,-500.9000000000045,-503.5000000000047,-508.10000000000446,-5890.400000000036
430,362,-348.9000000000011,-330.6000000000005,-326.4000000000009,-328.4000000000002,-314.5000000000002,-329.50000000000136,-316.5000000000013,-318.10000000000065,-341.2000000000003,-338.8,-330.4999999999996,-341.5000000000011,-3964.9000000000074
440,455,-440.00000000000364,-426.30000000000143,-417.0000000000005,-421.5000000000012,-415.9000000000015,-425.8000000000012,-419.4000000000008,-418.00000000000233,-431.1000000000028,-436.6000000000034,-444.5000000000034,-441.60000000000343,-5137.700000000025
450,505,-503.8000000000046,-466.2000000000005,-470.20000000000056,-472.3000000000003,-483.1000000000026,-475.7000000000014,-468.6000000000022,-485.9000000000031,-488.8000000000029,-491.00000000000347,-496.2000000000037,-505.4000000000045,-5807.20000000003
460,394,-395.50000000000216,-368.80000000000024,-362.70000000000033,-361.60000000000036,-366.80000000000086,-365.9000000000003,-365.5000000000009,-376.70000000000107,-369.10000000000036,-378.8000000000012,-383.1000000000014,-395.1000000000021,-4489.600000000011
470,429,-396.4000000000021,-384.2000000000015,-379.6999999999998,-383.700000000001,-390.30000000000206,-389.0000000000002,-378.0000000000008,-382.6000000000007,-396.60000000000156,-379.3000000000023,-404.70000000000266,-401.9000000000028,-4666.400000000018
480,516,-503.80000000000445,-488.6000000000022,-479.3000000000011,-477.50000000000057,-491.3000000000031,-496.6000000000022,-488.3000000000015,-494.20000000000465,-493.70000000000164,-490.2000000000023,-502.20000000000385,-495.90000000000356,-5901.60000000003
490,488,-482.1000000000043,-460.30000000000103,-454.7000000000017,-451.2000000000012,-449.4000000000015,-456.1000000000007,-463.70000000000147,-462.300000000003,-465.0000000000016,-469.7000000000035,-484.70000000000414,-477.90000000000424,-5577.100000000029
500,334,-305.90000000000043,-289.4000000000002,-286.5999999999998,-288.39999999999975,-290.5999999999997,-290.0000000000002,-283.9999999999999,-290.40000000000015,-290.60000000000065,-285.0,-290.6000000000002,-301.4000000000004,-3492.900000000002
510,333,-315.6000000000006,-305.00000000000034,-297.8999999999997,-299.4000000000001,-294.9999999999996,-302.6999999999999,-293.4000000000007,-295.6999999999997,-304.1000000000005,-301.2000000000007,-309.70000000000067,-309.6000000000006,-3629.300000000003
520,602,-596.1000000000067,-559.900000000002,-566.3000000000028,-552.6000000000016,-575.9000000000055,-569.3000000000022,-576.1000000000045,-556.4000000000032,-584.0000000000068,-578.1000000000067,-593.5000000000061,-601.5000000000065,-6909.700000000054
530,500,-485.90000000000464,-456.39999999999986,-452.6999999999999,-459.5999999999998,-459.10000000000116,-468.80000000000206,-453.8000000000006,-460.00000000000216,-480.4000000000037,-483.2000000000035,-483.2000000000035,-483.90000000000464,-5627.0000000000255
540,642,-650.9000000000077,-599.8000000000012,-606.2000000000021,-607.4000000000029,-612.5000000000042,-620.2000000000047,-626.5000000000048,-634.700000000006,-638.2000000000062,-631.9000000000078,-642.1000000000079,-649.9000000000077,-7520.300000000063
550,476,-462.7000000000019,-442.8000000000006,-430.50000000000017,-431.90000000000066,-443.90000000000106,-448.6000000000006,-438.49999999999926,-450.0000000000026,-446.4,-452.8000000000012,-453.9000000000026,-459.40000000000117,-5361.400000000012
560,280,-257.89999999999924,-241.8999999999998,-244.89999999999964,-241.09999999999988,-237.59999999999988,-244.6999999999997,-235.2000000000001,-250.89999999999915,-236.1000000000001,-243.69999999999985,-250.69999999999945,-248.99999999999957,-2933.699999999996
570,590,-579.6000000000065,-545.7000000000021,-546.7000000000014,-553.9000000000037,-548.2000000000055,-559.3000000000042,-563.1000000000041,-556.3000000000033,-572.0000000000055,-567.8000000000061,-571.3000000000065,-581.4000000000065,-6745.300000000056
580,385,-365.1000000000019,-353.3000000000002,-349.3000000000003,-343.30000000000075,-353.10000000000053,-348.19999999999976,-338.5999999999997,-343.4000000000009,-348.89999999999935,-356.40000000000015,-365.00000000000074,-356.40000000000117,-4221.0000000000055
590,490,-487.10000000000366,-460.800000000002,-463.30000000000234,-455.40000000000066,-471.80000000000206,-464.40000000000026,-455.99999999999875,-462.6000000000017,-474.9000000000017,-480.400000000003,-486.9000000000044,-486.90000000000373,-5650.500000000024
600,388,-351.69999999999936,-336.9000000000002,-337.0,-334.5,-335.3000000000017,-342.900000000001,-333.50000000000057,-331.50000000000074,-356.60000000000167,-336.0000000000014,-353.80000000000064,-352.70000000000164,-4102.400000000009
610,505,-498.9000000000048,-469.7000000000023,-468.60000000000116,-461.00000000000074,-475.00000000000273,-471.3000000000011,-465.60000000000014,-479.80000000000257,-485.10000000000264,-497.30000000000456,-498.5000000000047,-500.2000000000047,-5771.000000000032
620,511,-508.8000000000047,-483.3000000000018,-470.1000000000009,-472.0000000000001,-467.900000000002,-484.40000000000146,-483.20000000000147,-489.000000000003,-492.90000000000316,-489.80000000000496,-492.7000000000041,-500.2000000000048,-5834.300000000032
630,560,-560.900000000006,-529.4000000000019,-527.9000000000015,-529.8000000000012,-551.5000000000048,-534.9000000000012,-524.7000000000011,-551.6000000000042,-557.9000000000059,-557.0000000000057,-566.1000000000059,-559.1000000000058,-6550.800000000046
640,410,-385.80000000000103,-368.600000000001,-363.5,-364.40000000000066,-364.3000000000019,-369.0000000000003,-365.3999999999997,-372.9000000000011,-384.30000000000115,-371.09999999999974,-390.9000000000026,-386.5000000000006,-4486.70000000001
650,549,-546.3000000000055,-521.7000000000041,-516.3000000000022,-507.0000000000007,-521.6000000000046,-519.4000000000026,-529.2000000000031,-515.9000000000037,-538.8000000000055,-536.3000000000054,-546.6000000000056,-538.5000000000057,-6337.600000000049
660,429,-409.40000000000236,-393.80000000000143,-390.8999999999999,-385.20000000000005,-388.5000000000016,-389.79999999999995,-389.000000000001,-386.4000000000007,-387.4000000000023,-405.6000000000013,-409.7000000000022,-406.80000000000143,-4742.500000000014
670,493,-478.8000000000045,-453.50000000000045,-463.8000000000035,-455.0,-460.6000000000023,-460.70000000000095,-446.8000000000001,-456.00000000000165,-477.10000000000343,-459.60000000000133,-472.8000000000022,-478.00000000000426,-5562.700000000024
680,356,-334.10000000000116,-320.4000000000002,-315.0999999999997,-315.20000000000005,-311.7000000000001,-321.70000000000084,-316.3000000000011,-319.1000000000003,-318.30000000000115,-319.7000000000014,-330.19999999999965,-330.5000000000003,-3852.300000000006
690,341,-321.0000000000007,-304.20000000000044,-299.3,-309.3999999999997,-300.49999999999966,-308.10000000000014,-297.20000000000084,-287.79999999999984,-308.29999999999995,-301.80000000000007,-317.8000000000007,-314.00000000000085,-3669.400000000003
700,419,-402.2000000000024,-379.0000000000013,-379.00000000000034,-372.89999999999975,-371.10000000000116,-379.7000000000004,-374.19999999999993,-380.6000000000015,-386.10000000000105,-377.2000000000006,-391.9000000000017,-393.40000000000265,-4587.300000000012
710,475,-470.900000000004,-450.1000000000021,-446.90000000000146,-435.40000000000066,-448.20000000000203,-437.40000000000043,-441.800000000003,-458.8000000000029,-459.20000000000323,-464.50000000000375,-469.4000000000039,-472.2000000000038,-5454.800000000031
720,484,-480.10000000000355,-449.40000000000106,-446.1000000000009,-449.8000000000015,-460.90000000000214,-459.3000000000018,-437.4999999999974,-459.30000000000297,-470.8000000000021,-475.20000000000266,-470.9000000000027,-470.70000000000294,-5530.000000000021
730,475,-453.10000000000383,-429.4000000000017,-427.3000000000003,-432.00000000000216,-424.8000000000013,-435.20000000000124,-417.59999999999997,-417.80000000000155,-432.5000000000021,-450.2000000000038,-460.5000000000035,-448.200000000004,-5228.600000000026
740,618,-628.5000000000073,-595.2000000000021,-588.8000000000013,-586.5000000000032,-605.1000000000039,-604.1000000000038,-577.3000000000022,-601.4000000000044,-606.9000000000044,-621.3000000000069,-623.6000000000073,-624.1000000000071,-7262.800000000053
750,388,-363.9000000000019,-351.6000000000005,-341.1000000000003,-346.1000000000007,-352.60000000000116,-351.7999999999997,-340.1000000000001,-354.4000000000005,-355.7000000000012,-353.5000000000001,-367.20000000000175,-360.60000000000184,-4238.6000000000095
760,372,-358.5000000000015,-335.40000000000043,-331.4999999999998,-340.8999999999993,-332.7000000000012,-332.10000000000025,-339.89999999999964,-342.90000000000003,-339.60000000000036,-344.90000000000015,-348.69999999999993,-344.5000000000016,-4091.600000000004
770,366,-346.6000000000014,-331.800000000001,-326.4999999999997,-326.70000000000067,-330.2000000000012,-333.3000000000007,-323.5000000000002,-325.90000000000026,-334.4,-328.8999999999984,-341.70000000000016,-340.29999999999995,-3989.800000000004
780,484,-470.0000000000042,-445.30000000000007,-439.1,-449.90000000000157,-451.9000000000026,-450.59999999999997,-458.10000000000184,-447.90000000000106,-458.5000000000029,-468.40000000000384,-475.1000000000041,-469.1000000000041,-5483.900000000025
790,387,-361.3000000000018,-340.3000000000002,-345.9,-339.0999999999999,-335.8000000000011,-344.2999999999996,-349.0000000000017,-337.80000000000024,-345.8000000000005,-350.40000000000174,-356.2000000000018,-355.00000000000176,-4160.900000000011
800,536,-515.3000000000048,-499.6000000000007,-509.20000000000266,-506.10000000000184,-494.700000000002,-504.2000000000025,-497.900000000002,-496.8000000000031,-508.8000000000036,-493.20000000000164,-508.0000000000036,-517.1000000000055,-6050.900000000034
810,443,-418.1000000000029,-389.9000000000003,-390.90000000000026,-386.20000000000005,-394.40000000000106,-399.99999999999955,-390.7999999999989,-395.0000000000013,-406.3000000000011,-401.2000000000016,-413.8000000000024,-399.3000000000013,-4785.900000000011
820,449,-435.90000000000333,-422.0000000000018,-413.20000000000107,-420.0000000000017,-410.30000000000206,-411.10000000000065,-416.79999999999995,-418.40000000000214,-427.3000000000024,-420.00000000000216,-437.9000000000034,-428.6000000000021,-5061.500000000024
830,467,-455.6000000000037,-436.20000000000175,-424.7000000000002,-419.5000000000001,-441.30000000000246,-433.6000000000013,-422.59999999999945,-430.7000000000018,-440.0000000000024,-445.90000000000356,-452.5000000000027,-454.00000000000364,-5256.600000000023
840,470,-463.60000000000383,-451.5000000000025,-433.9000000000002,-439.30000000000075,-453.70000000000346,-444.70000000000095,-447.70000000000283,-447.90000000000236,-453.70000000000397,-456.2000000000038,-458.70000000000357,-464.50000000000364,-5415.4000000000315
850,491,-472.10000000000394,-454.10000000000105,-452.5999999999999,-452.4,-459.60000000000275,-458.1000000000027,-461.80000000000155,-457.1000000000029,-466.4000000000022,-465.7000000000031,-472.7000000000038,-469.2000000000031,-5541.8000000000275
860,429,-411.4000000000027,-393.20000000000056,-386.2000000000007,-387.5000000000007,-390.20000000000266,-392.9000000000011,-385.40000000000197,-391.0000000000023,-395.30000000000274,-402.1000000000029,-410.9000000000022,-414.80000000000246,-4760.900000000023
870,256,-225.79999999999973,-223.99999999999952,-217.89999999999986,-225.39999999999958,-216.09999999999962,-218.59999999999985,-213.70000000000007,-218.29999999999936,-219.7999999999997,-215.7000000000002,-223.79999999999973,-220.89999999999975,-2639.999999999997
880,391,-361.60000000000156,-348.0000000000014,-344.90000000000055,-336.9000000000001,-343.4999999999999,-346.1000000000007,-339.0000000000008,-339.80000000000047,-347.5000000000007,-348.6000000000005,-358.50000000000057,-354.2000000000018,-4168.6000000000095
890,529,-525.600000000005,-497.5000000000026,-485.3000000000012,-486.9000000000014,-498.30000000000473,-501.6000000000036,-482.60000000000224,-494.7000000000024,-504.70000000000306,-506.4000000000048,-516.6000000000041,-521.000000000005,-6021.200000000041
900,551,-548.5000000000057,-515.5000000000011,-510.5000000000017,-509.00000000000114,-531.000000000004,-519.3000000000013,-513.900000000001,-529.1000000000047,-538.5000000000036,-537.3000000000045,-540.7000000000047,-545.4000000000057,-6338.70000000004
910,434,-430.100000000003,-401.00000000000097,-397.90000000000055,-399.30000000000007,-406.70000000000215,-402.50000000000057,-385.10000000000105,-399.00000000000193,-412.6000000000017,-417.4000000000023,-420.10000000000196,-429.70000000000283,-4901.400000000019
920,434,-413.0000000000028,-388.70000000000084,-385.90000000000083,-382.70000000000005,-401.90000000000157,-399.3000000000013,-385.9000000000009,-397.5000000000016,-400.0000000000029,-402.1000000000028,-409.00000000000284,-406.7000000000028,-4772.700000000021
930,562,-549.7000000000057,-521.9000000000021,-528.6000000000033,-526.3000000000036,-520.2000000000037,-528.5000000000033,-522.7000000000038,-526.6000000000046,-536.5000000000058,-534.4000000000058,-541.9000000000049,-550.5000000000057,-6387.800000000052
940,466,-455.60000000000383,-433.0000000000008,-424.80000000000035,-432.70000000000044,-441.20000000000283,-437.3000000000011,-430.5000000000031,-437.00000000000284,-448.00000000000335,-455.20000000000374,-451.30000000000376,-459.40000000000356,-5306.000000000029
950,267,-243.19999999999965,-232.9999999999998,-233.0999999999998,-231.39999999999998,-235.8999999999995,-231.09999999999994,-228.30000000000004,-235.79999999999964,-231.79999999999984,-238.79999999999967,-245.29999999999933,-236.89999999999958,-2824.5999999999967
960,432,-421.50000000000284,-391.2000000000001,-397.70000000000056,-387.7000000000005,-392.4000000000005,-395.10000000000014,-387.7000000000002,-400.1000000000013,-414.1000000000027,-408.4000000000028,-410.90000000000214,-415.30000000000274,-4822.100000000017
970,401,-381.0000000000003,-357.40000000000083,-358.0000000000008,-355.7999999999997,-364.1000000000014,-354.8999999999999,-353.1999999999991,-357.0999999999989,-358.70000000000033,-365.9000000000003,-378.0000000000014,-372.4000000000007,-4356.500000000004
980,593,-590.6000000000065,-550.7000000000019,-555.000000000002,-556.2000000000015,-565.9000000000038,-558.9000000000019,-553.2,-565.100000000004,-566.000000000004,-580.500000000006,-584.9000000000067,-585.6000000000067,-6812.600000000045
990,294,-265.8999999999996,-252.09999999999974,-248.0999999999999,-249.8999999999999,-246.89999999999998,-249.19999999999993,-240.70000000000033,-239.2999999999998,-250.3999999999999,-263.09999999999957,-265.7999999999993,-263.79999999999944,-3035.199999999997
1000,582,-590.9000000000065,-558.1000000000026,-551.5000000000006,-558.5000000000027,-560.4000000000038,-562.8000000000031,-565.1000000000058,-571.0000000000052,-575.6000000000057,-570.0000000000048,-582.1000000000049,-586.3000000000054,-6832.300000000051
1010,458,-442.2000000000035,-412.0,-414.50000000000057,-414.70000000000147,-420.9000000000007,-419.10000000000116,-411.4000000000003,-415.50000000000284,-422.2000000000024,-423.80000000000297,-438.1000000000017,-430.9000000000036,-5065.300000000021
1020,310,-272.19999999999976,-260.4999999999998,-258.89999999999975,-256.19999999999993,-258.69999999999965,-260.1999999999997,-252.30000000000007,-251.69999999999973,-250.90000000000032,-261.70000000000005,-267.3999999999994,-264.2999999999999,-3114.9999999999977
1030,336,-306.9000000000004,-289.3000000000001,-284.89999999999986,-286.79999999999995,-273.00000000000006,-291.5999999999999,-278.3000000000007,-279.9999999999995,-286.89999999999907,-289.3999999999994,-300.1999999999997,-292.6000000000001,-3459.8999999999983
1040,332,-319.1999999999998,-302.29999999999995,-298.80000000000086,-296.30000000000024,-306.6999999999996,-294.5999999999999,-292.29999999999956,-304.9000000000002,-295.19999999999993,-306.8000000000004,-316.9000000000007,-312.3999999999993,-3646.4
1050,470,-444.300000000002,-431.9000000000007,-434.00000000000034,-431.50000000000193,-436.400000000002,-443.60000000000264,-436.7000000000007,-428.4000000000013,-447.20000000000346,-440.4000000000015,-454.90000000000214,-448.30000000000285,-5277.600000000022
1060,350,-320.6000000000009,-303.5,-299.39999999999986,-300.9999999999998,-301.400000000001,-303.00000000000006,-296.30000000000024,-303.30000000000047,-306.20000000000084,-303.5000000000008,-316.4,-311.69999999999965,-3666.300000000004
1070,425,-417.6000000000026,-392.60000000000275,-382.29999999999995,-381.9000000000003,-387.90000000000146,-383.4000000000009,-368.9999999999987,-402.9000000000024,-396.90000000000276,-391.30000000000234,-401.40000000000185,-400.8000000000017,-4708.000000000018
1080,471,-453.9000000000037,-427.5000000000013,-423.40000000000066,-421.4000000000003,-429.90000000000134,-422.90000000000134,-430.29999999999984,-421.8000000000016,-434.80000000000183,-439.50000000000216,-446.20000000000374,-451.40000000000333,-5203.000000000021
1090,370,-349.3000000000015,-333.3000000000003,-325.89999999999986,-326.29999999999984,-326.6000000000002,-331.0000000000002,-322.09999999999957,-329.39999999999924,-337.20000000000005,-333.3000000000004,-343.80000000000064,-343.10000000000144,-4001.3000000000025
1100,653,-656.7000000000081,-622.3000000000039,-616.5000000000014,-618.1000000000028,-627.9000000000043,-623.8000000000026,-627.0000000000028,-634.0000000000055,-641.8000000000043,-645.5000000000067,-652.8000000000072,-656.400000000008,-7622.800000000057
1110,433,-417.5000000000031,-402.40000000000043,-398.4000000000006,-391.70000000000044,-399.9000000000006,-401.30000000000007,-396.0000000000002,-407.9000000000016,-406.300000000001,-407.00000000000136,-426.40000000000305,-417.8000000000031,-4872.600000000015
1120,377,-366.60000000000167,-353.80000000000143,-343.9999999999998,-350.9000000000006,-348.20000000000147,-348.8000000000011,-337.1000000000008,-357.0000000000014,-364.10000000000167,-362.70000000000135,-365.3000000000016,-363.20000000000164,-4261.7000000000135
1130,368,-347.40000000000134,-327.6999999999997,-326.0999999999998,-323.4999999999999,-329.10000000000036,-338.20000000000095,-330.10000000000144,-331.9000000000009,-334.4000000000017,-340.00000000000125,-345.7000000000013,-341.7000000000014,-4015.80000000001
1140,464,-444.0000000000034,-412.60000000000014,-426.7000000000011,-415.3000000000012,-419.7000000000025,-433.10000000000343,-414.3000000000038,-432.0000000000033,-434.1000000000035,-428.3000000000036,-439.1000000000033,-437.700000000003,-5136.900000000032
1150,381,-338.20000000000175,-328.9000000000007,-331.7999999999998,-324.5000000000002,-328.10000000000053,-330.7000000000004,-314.80000000000064,-318.7000000000001,-335.3999999999995,-332.600000000001,-336.89999999999975,-344.49999999999983,-3965.1000000000045
1160,349,-328.500000000001,-315.9999999999994,-309.3000000000004,-313.9000000000011,-310.19999999999965,-314.1999999999995,-298.4000000000003,-312.89999999999884,-321.10000000000093,-315.6000000000012,-319.60000000000105,-333.60000000000065,-3793.3000000000043
1170,375,-353.2000000000008,-338.60000000000144,-336.60000000000025,-332.3000000000005,-333.30000000000064,-340.80000000000086,-331.6000000000007,-341.6000000000007,-340.3000000000002,-333.09999999999985,-348.1000000000015,-339.40000000000026,-4068.9000000000074
1180,547,-546.4000000000055,-515.3000000000026,-517.0000000000026,-501.90000000000055,-519.1000000000035,-516.2000000000013,-503.4000000000007,-522.7000000000025,-522.0000000000034,-528.3000000000039,-536.8000000000043,-539.6000000000056,-6268.700000000037
1190,505,-510.6000000000045,-479.80000000000285,-477.6000000000024,-469.3000000000013,-471.8000000000025,-485.8000000000029,-475.200000000005,-488.60000000000446,-489.80000000000456,-498.60000000000394,-498.20000000000357,-505.20000000000437,-5850.500000000042
1200,337,-321.60000000000076,-301.2000000000005,-298.4999999999999,-305.99999999999983,-315.40000000000055,-308.4000000000008,-298.20000000000107,-300.1000000000002,-309.30000000000064,-311.2000000000007,-314.0000000000006,-313.90000000000083,-3697.8000000000065
1210,607,-604.2000000000071,-587.3000000000038,-575.8000000000022,-578.2000000000027,-586.1000000000042,-591.4000000000036,-588.0000000000032,-588.1000000000042,-597.4000000000049,-593.2000000000064,-604.5000000000066,-610.6000000000067,-7104.800000000056
1220,483,-461.80000000000337,-435.5000000000004,-436.600000000001,-435.9000000000001,-444.6000000000018,-447.90000000000174,-437.3000000000009,-442.90000000000344,-446.30000000000194,-449.8000000000014,-461.5000000000037,-458.20000000000346,-5358.300000000024
1230,407,-381.80000000000234,-367.2000000000013,-359.7,-359.59999999999997,-364.20000000000124,-362.8000000000003,-357.7,-365.2000000000005,-365.6999999999996,-375.0000000000021,-387.70000000000215,-381.2000000000022,-4427.800000000012
1240,330,-315.40000000000055,-298.4000000000002,-295.89999999999975,-294.9000000000002,-297.50000000000017,-297.70000000000056,-290.7000000000008,-288.4999999999995,-307.40000000000043,-304.20000000000044,-310.7000000000006,-311.30000000000047,-3612.600000000004
1250,407,-377.70000000000203,-356.10000000000036,-357.60000000000036,-354.2000000000001,-350.40000000000094,-360.6,-337.0000000000001,-351.3000000000012,-362.40000000000094,-359.6999999999999,-370.30000000000155,-380.6000000000015,-4317.900000000009
1260,457,-443.10000000000355,-424.4000000000002,-412.6000000000001,-415.2000000000003,-416.2000000000017,-421.40000000000146,-405.60000000000105,-416.2000000000016,-423.7000000000015,-434.3000000000017,-439.50000000000296,-431.800000000001,-5084.000000000017
1270,547,-546.4000000000055,-506.60000000000093,-511.8000000000021,-505.00000000000176,-509.9000000000027,-514.2000000000027,-507.20000000000164,-526.9000000000029,-531.1000000000048,-530.9000000000054,-537.6000000000056,-541.8000000000058,-6269.4000000000415
1280,503,-499.70000000000465,-470.30000000000126,-463.90000000000066,-470.200000000001,-468.8000000000023,-489.40000000000344,-471.40000000000157,-472.9000000000027,-494.70000000000323,-493.3000000000044,-495.9000000000046,-494.0000000000046,-5784.500000000034
1290,262,-248.09999999999945,-235.79999999999973,-233.7999999999998,-236.79999999999978,-232.89999999999947,-231.59999999999997,-225.49999999999997,-237.49999999999952,-235.29999999999967,-245.99999999999926,-248.99999999999915,-244.69999999999953,-2856.999999999995
1300,342,-316.7000000000008,-304.2000000000007,-297.4999999999999,-301.69999999999976,-296.70000000000005,-300.7,-300.49999999999926,-299.69999999999885,-311.4000000000007,-309.5000000000006,-314.80000000000086,-316.7000000000006,-3670.100000000002
1310,305,-282.4,-268.19999999999965,-264.0999999999999,-263.6999999999998,-259.20000000000005,-269.8999999999996,-259.0000000000001,-267.79999999999916,-264.19999999999993,-257.8000000000004,-279.1999999999993,-277.1999999999996,-3212.699999999997
1320,467,-443.9000000000021,-419.000000000001,-415.3999999999999,-414.50000000000045,-422.1000000000018,-426.2000000000017,-421.20000000000095,-427.3000000000034,-434.2000000000024,-436.2000000000021,-442.50000000000233,-445.8000000000038,-5148.300000000022
1330,495,-485.1000000000043,-463.80000000000217,-460.70000000000107,-465.9000000000021,-463.9000000000034,-470.9000000000027,-467.8000000000044,-461.4000000000039,-477.80000000000416,-479.3000000000044,-477.0000000000044,-485.8000000000044,-5659.400000000042
1340,400,-388.70000000000226,-365.70000000000033,-355.4999999999999,-357.39999999999986,-361.8000000000011,-363.7000000000014,-347.4999999999996,-356.00000000000193,-367.8000000000001,-372.0000000000007,-375.8000000000006,-383.9000000000013,-4395.800000000008
1350,639,-643.9000000000077,-611.2000000000032,-610.8000000000027,-613.6000000000022,-621.3000000000048,-622.6000000000029,-623.800000000004,-630.7000000000061,-635.2000000000077,-635.1000000000075,-642.4000000000077,-641.8000000000077,-7532.400000000064
1360,409,-359.80000000000064,-347.20000000000005,-348.60000000000036,-344.3999999999998,-344.4000000000002,-353.99999999999966,-340.5999999999995,-345.6999999999997,-348.19999999999885,-347.09999999999906,-362.70000000000056,-350.9999999999993,-4193.699999999998
1370,411,-403.5000000000026,-379.7000000000003,-378.4000000000002,-381.8000000000007,-379.2000000000007,-375.60000000000025,-373.3999999999985,-391.6000000000015,-398.00000000000165,-395.1000000000016,-395.7000000000017,-404.80000000000234,-4656.800000000012
1380,400,-386.70000000000135,-360.30000000000024,-361.50000000000074,-366.0000000000004,-364.50000000000034,-368.80000000000007,-359.29999999999836,-365.00000000000006,-376.8000000000001,-381.8,-384.8000000000017,-382.3000000000016,-4457.800000000006
1390,267,-232.5999999999998,-224.89999999999992,-225.59999999999988,-228.09999999999988,-225.09999999999982,-226.49999999999986,-221.3,-223.49999999999963,-223.70000000000002,-238.99999999999932,-234.9999999999995,-230.9999999999998,-2736.2999999999975
1400,454,-449.80000000000354,-430.1000000000006,-413.7,-431.500000000001,-436.4000000000022,-431.7000000000012,-422.3000000000019,-426.70000000000243,-433.0000000000023,-434.50000000000296,-447.3000000000033,-443.90000000000344,-5200.900000000025
1410,380,-358.50000000000176,-342.3000000000013,-337.1000000000005,-335.49999999999983,-343.30000000000155,-340.4000000000006,-332.10000000000025,-339.2000000000006,-347.9000000000002,-347.50000000000097,-357.70000000000135,-353.7000000000019,-4135.200000000011
1420,588,-592.1000000000065,-555.1000000000023,-550.6000000000013,-553.0000000000018,-554.9000000000042,-561.5000000000026,-556.5000000000034,-574.8000000000048,-585.2000000000062,-589.7000000000064,-589.4000000000065,-591.3000000000064,-6854.100000000053
1430,320,-293.9999999999997,-278.79999999999967,-274.1999999999999,-274.0999999999999,-276.99999999999983,-279.10000000000025,-263.30000000000024,-273.3000000000001,-274.10000000000053,-279.7000000000001,-295.5999999999993,-289.4999999999989,-3352.699999999999
1440,369,-346.80000000000143,-330.20000000000005,-320.80000000000007,-323.1999999999998,-326.59999999999974,-324.2000000000004,-327.59999999999894,-328.5999999999999,-326.3999999999996,-328.70000000000033,-336.4000000000005,-335.6000000000009,-3955.1000000000017
1450,453,-438.5000000000034,-428.20000000000243,-414.4000000000005,-415.00000000000057,-422.6000000000034,-412.6,-418.40000000000185,-432.700000000003,-436.7000000000033,-430.0000000000033,-439.90000000000333,-441.5000000000033,-5130.500000000029
1460,298,-270.9999999999998,-261.39999999999975,-258.89999999999975,-261.6999999999996,-258.39999999999964,-258.39999999999986,-254.29999999999993,-261.8999999999997,-261.4999999999995,-270.4999999999998,-269.09999999999957,-263.1000000000001,-3150.1999999999966
1470,484,-482.1000000000043,-450.20000000000203,-443.6000000000006,-447.00000000000176,-454.7000000000022,-454.10000000000116,-439.8999999999998,-471.70000000000323,-471.4000000000026,-475.0000000000032,-471.1000000000034,-483.70000000000414,-5544.500000000028
1480,505,-495.2000000000045,-461.20000000000124,-457.00000000000097,-461.30000000000086,-467.30000000000285,-459.6000000000016,-447.9000000000008,-460.20000000000323,-472.80000000000297,-469.50000000000296,-479.3000000000027,-492.40000000000396,-5623.700000000029
1490,377,-359.3000000000017,-344.4999999999995,-335.79999999999984,-339.7999999999997,-345.2000000000006,-342.4999999999996,-338.3999999999994,-348.60000000000014,-348.20000000000033,-350.00000000000165,-351.6000000000009,-351.80000000000183,-4155.700000000005
1500,322,-274.60000000000014,-266.6000000000001,-265.39999999999986,-264.60000000000014,-267.29999999999995,-269.49999999999966,-262.8999999999997,-257.19999999999953,-262.10000000000014,-276.30000000000007,-275.49999999999994,-269.20000000000005,-3211.199999999999
1510,312,-293.10000000000014,-273.19999999999993,-274.89999999999975,-273.09999999999985,-283.0,-282.3,-265.70000000000033,-263.90000000000003,-285.90000000000015,-279.9,-289.1,-288.69999999999993,-3352.7999999999997
1520,275,-236.89999999999984,-232.0999999999998,-233.99999999999966,-233.2999999999998,-230.09999999999968,-234.3999999999997,-232.2,-232.99999999999926,-228.40000000000015,-232.30000000000007,-240.7999999999994,-230.30000000000004,-2797.7999999999975
1530,344,-302.5000000000009,-295.60000000000025,-292.6999999999998,-296.8000000000002,-291.39999999999975,-300.4000000000001,-293.1000000000008,-289.5000000000002,-299.80000000000047,-298.1999999999996,-308.8000000000006,-303.7000000000007,-3572.500000000003
1540,389,-383.60000000000167,-363.7999999999998,-354.1999999999997,-354.2000000000003,-355.10000000000167,-363.20000000000147,-350.600000000002,-363.1000000000018,-360.10000000000196,-370.9000000000019,-377.8000000000018,-371.6000000000019,-4368.200000000016
1550,369,-345.5000000000009,-329.5000000000001,-326.3000000000003,-323.9000000000003,-324.00000000000114,-336.0000000000008,-320.7999999999995,-330.8000000000012,-336.20000000000147,-335.20000000000044,-346.39999999999975,-347.0000000000006,-4001.600000000006
1560,374,-347.60000000000156,-327.0000000000003,-329.2000000000008,-328.39999999999975,-331.80000000000035,-335.7999999999994,-326.5000000000002,-322.9000000000005,-341.4000000000012,-341.90000000000174,-344.9000000000016,-352.30000000000155,-4029.70000000001
1570,620,-625.9000000000075,-602.1000000000025,-589.0000000000008,-586.300000000001,-598.5000000000038,-609.9000000000037,-603.1000000000034,-619.000000000007,-616.4000000000065,-615.5000000000065,-619.7000000000058,-622.5000000000063,-7307.900000000056
1580,386,-381.70000000000186,-351.0000000000002,-349.30000000000064,-351.2000000000008,-347.20000000000056,-357.0000000000007,-351.20000000000016,-363.1000000000016,-352.10000000000014,-364.20000000000056,-374.40000000000185,-370.90000000000185,-4313.300000000011
1590,485,-470.70000000000374,-449.9000000000012,-447.0000000000008,-446.30000000000143,-451.40000000000197,-462.2000000000013,-451.40000000000214,-461.60000000000247,-460.1000000000035,-466.9000000000024,-468.3000000000026,-470.0000000000022,-5505.800000000026
1600,565,-575.6000000000057,-542.4000000000029,-533.3000000000018,-538.0000000000027,-542.3000000000055,-551.4000000000038,-548.600000000006,-545.8000000000056,-557.9000000000059,-559.3000000000061,-567.4000000000058,-566.000000000006,-6628.000000000058
1610,380,-352.6000000000017,-335.2000000000004,-331.4000000000001,-332.1999999999999,-330.7000000000009,-333.9,-330.69999999999976,-329.00000000000045,-343.80000000000115,-353.0000000000015,-362.80000000000155,-353.7000000000015,-4089.000000000009
1620,491,-471.0000000000043,-440.00000000000045,-438.1,-440.00000000000097,-445.3000000000026,-445.40000000000254,-434.7000000000007,-452.4000000000029,-451.900000000002,-461.2000000000031,-458.60000000000343,-462.4000000000024,-5401.000000000025
1630,439,-426.60000000000304,-397.6000000000008,-399.6000000000008,-396.5,-389.50000000000085,-408.9000000000007,-399.40000000000003,-400.90000000000117,-404.1000000000009,-402.90000000000225,-415.90000000000236,-421.40000000000316,-4863.300000000016
1640,409,-389.4000000000024,-366.8000000000006,-364.9999999999998,-370.20000000000005,-368.3000000000012,-366.7000000000004,-376.4000000000011,-370.0000000000021,-376.70000000000226,-375.40000000000265,-388.70000000000135,-390.0000000000022,-4503.600000000016
1650,340,-327.7000000000006,-311.70000000000033,-303.1999999999997,-305.00000000000057,-307.30000000000035,-300.79999999999984,-297.30000000000075,-296.5999999999996,-295.0999999999998,-315.10000000000093,-314.7000000000008,-324.70000000000067,-3699.200000000004
1660,380,-352.10000000000014,-332.9,-337.8000000000005,-336.6000000000007,-331.40000000000083,-336.9,-337.70000000000107,-340.10000000000065,-334.1000000000011,-343.29999999999995,-362.100000000001,-351.7,-4096.700000000006
1670,330,-299.90000000000066,-289.5000000000004,-288.2000000000001,-292.2,-292.90000000000015,-298.9000000000004,-289.3000000000002,-292.09999999999945,-296.3000000000005,-297.3000000000007,-295.20000000000033,-298.8000000000005,-3530.600000000003
1680,381,-370.4000000000019,-347.3000000000003,-345.99999999999966,-350.3000000000015,-358.60000000000116,-353.6000000000008,-336.39999999999924,-354.5000000000011,-362.00000000000097,-358.5000000000004,-360.800000000001,-363.60000000000065,-4262.000000000008
1690,291,-265.69999999999965,-253.69999999999965,-247.99999999999997,-249.5999999999999,-253.79999999999947,-252.1999999999998,-244.50000000000009,-257.5999999999992,-248.59999999999997,-259.19999999999953,-265.8999999999993,-252.79999999999984,-3051.599999999996
1700,377,-359.2000000000016,-344.79999999999967,-337.9999999999998,-349.20000000000147,-345.2000000000016,-348.40000000000134,-333.00000000000125,-343.3,-348.8000000000018,-342.90000000000146,-358.7000000000006,-359.80000000000143,-4171.300000000012
1710,425,-408.1000000000028,-383.50000000000006,-386.80000000000143,-379.5000000000002,-391.6000000000014,-386.80000000000103,-382.79999999999995,-396.50000000000165,-395.10000000000196,-398.8000000000016,-400.00000000000176,-414.40000000000276,-4723.900000000016
1720,586,-597.3000000000065,-571.7000000000025,-552.4000000000012,-557.5000000000015,-573.9000000000044,-557.4000000000007,-567.1000000000046,-569.1000000000035,-575.8000000000058,-590.800000000006,-592.5000000000067,-596.9000000000063,-6902.400000000049
1730,590,-585.6000000000066,-555.300000000003,-554.3000000000031,-552.3000000000029,-563.4000000000044,-566.700000000004,-559.500000000004,-562.9000000000041,-575.9000000000044,-583.0000000000061,-588.9000000000063,-588.9000000000066,-6836.700000000055
1740,302,-275.69999999999993,-267.09999999999957,-261.8999999999999,-259.9,-266.6999999999999,-260.9999999999999,-256.90000000000003,-265.8999999999994,-263.59999999999945,-263.6,-273.69999999999976,-271.2999999999999,-3187.2999999999975
1750,386,-377.7000000000017,-350.10000000000116,-351.1000000000009,-347.9000000000001,-348.9000000000005,-348.3,-342.30000000000007,-348.0000000000015,-348.30000000000143,-347.90000000000015,-363.70000000000056,-372.3000000000018,-4246.50000000001
1760,610,-609.400000000007,-571.8000000000033,-569.6000000000013,-578.1000000000032,-577.300000000005,-589.3000000000039,-577.5000000000027,-586.0000000000033,-602.9000000000059,-596.9000000000066,-604.200000000007,-605.3000000000069,-7068.300000000057
1770,468,-457.8000000000038,-433.8,-425.60000000000053,-432.1000000000015,-438.40000000000265,-437.600000000002,-431.500000000002,-444.9000000000034,-443.1000000000025,-445.4000000000037,-454.9000000000029,-458.7000000000035,-5303.800000000028
1780,316,-284.1,-269.39999999999975,-269.69999999999976,-267.70000000000005,-266.89999999999964,-269.5000000000001,-261.3,-267.0,-267.59999999999945,-274.6999999999994,-283.1000000000001,-282.2999999999995,-3263.2999999999975
1790,468,-445.000000000002,-419.1000000000001,-425.80000000000047,-424.89999999999975,-432.6000000000029,-428.9999999999997,-419.70000000000056,-429.7000000000023,-444.700000000003,-444.90000000000185,-450.600000000003,-442.10000000000235,-5208.100000000019
1800,394,-385.100000000002,-358.400000000001,-353.6000000000005,-362.4000000000015,-360.6000000000011,-357.10000000000036,-355.7000000000002,-346.9000000000011,-363.700000000002,-376.0000000000009,-376.1000000000009,-379.300000000002,-4374.900000000013
1810,267,-222.59999999999985,-215.7999999999999,-214.99999999999997,-217.1,-209.0,-216.49999999999994,-205.80000000000055,-204.0999999999999,-208.90000000000043,-220.5999999999998,-221.7999999999997,-215.90000000000015,-2573.1000000000004
1820,353,-338.600000000001,-324.4000000000007,-313.4,-315.60000000000025,-318.10000000000093,-312.9999999999999,-318.3999999999997,-322.90000000000094,-322.500000000001,-324.000000000001,-334.00000000000097,-333.90000000000094,-3878.800000000007
1830,280,-246.19999999999956,-238.3999999999997,-235.39999999999986,-236.09999999999988,-234.39999999999975,-239.59999999999974,-230.3000000000001,-227.59999999999954,-234.90000000000003,-244.09999999999968,-246.39999999999935,-246.79999999999941,-2860.1999999999957
1840,312,-261.39999999999964,-260.2999999999996,-255.89999999999975,-253.49999999999991,-254.99999999999963,-255.09999999999985,-248.20000000000022,-246.19999999999982,-247.40000000000026,-252.39999999999995,-259.89999999999964,-253.50000000000006,-3048.7999999999984
1850,447,-425.60000000000286,-404.60000000000144,-402.70000000000067,-394.5000000000004,-407.20000000000243,-408.90000000000157,-401.8000000000022,-397.9000000000019,-417.400000000003,-403.7000000000015,-424.4000000000029,-418.60000000000304,-4907.300000000025
1860,327,-300.20000000000033,-286.6999999999997,-288.09999999999957,-289.4999999999997,-286.2000000000002,-295.70000000000033,-270.60000000000014,-294.8999999999999,-293.4000000000003,-287.60000000000036,-299.10000000000036,-298.0000000000002,-3490.000000000001
1870,435,-412.10000000000304,-389.70000000000084,-390.3000000000005,-387.90000000000055,-396.80000000000064,-389.40000000000026,-389.30000000000064,-385.200000000002,-400.40000000000117,-393.50000000000074,-415.30000000000285,-409.0000000000016,-4758.900000000015
1880,342,-306.90000000000015,-293.39999999999975,-295.79999999999984,-292.7000000000003,-293.5999999999998,-291.4999999999999,-290.6999999999997,-296.19999999999936,-288.9999999999999,-305.6000000000005,-303.4999999999998,-303.9000000000001,-3562.7999999999997
1890,403,-365.40000000000225,-353.6000000000002,-355.90000000000117,-353.1999999999998,-352.5000000000003,-358.4999999999999,-350.70000000000135,-353.00000000000136,-354.4000000000009,-366.10000000000167,-371.900000000002,-376.60000000000184,-4311.800000000013
1900,343,-314.0000000000009,-312.50000000000074,-300.09999999999985,-307.0999999999995,-305.59999999999985,-305.29999999999967,-293.3999999999999,-309.2000000000004,-302.39999999999947,-315.6000000000005,-316.70000000000084,-312.00000000000045,-3693.900000000002
1910,391,-367.6000000000021,-350.60000000000014,-346.39999999999964,-344.9000000000001,-352.7000000000007,-349.10000000000014,-337.99999999999966,-344.70000000000044,-351.6000000000006,-354.9000000000011,-361.1000000000004,-366.50000000000216,-4228.100000000007
1920,422,-407.5000000000025,-388.4000000000011,-377.69999999999993,-382.20000000000175,-386.0000000000022,-387.8000000000014,-370.499999999999,-388.4000000000025,-393.90000000000276,-392.8000000000016,-399.00000000000125,-400.70000000000255,-4674.900000000019
1930,366,-336.10000000000076,-316.8000000000008,-318.99999999999994,-315.60000000000025,-314.10000000000014,-316.19999999999993,-305.49999999999903,-323.2000000000009,-322.8,-314.99999999999943,-327.4999999999999,-328.7,-3840.5000000000014
1940,469,-455.40000000000396,-435.3000000000003,-434.20000000000095,-428.20000000000056,-440.5000000000018,-441.60000000000105,-424.3999999999987,-439.80000000000297,-445.60000000000247,-445.700000000002,-447.7000000000013,-454.40000000000276,-5292.800000000019
1950,479,-469.80000000000416,-444.70000000000107,-441.50000000000193,-439.90000000000026,-442.1000000000021,-444.1000000000024,-451.8000000000022,-451.9000000000021,-460.1000000000018,-455.20000000000175,-470.9000000000042,-464.0000000000033,-5436.000000000027
1960,414,-387.3000000000021,-363.69999999999993,-361.70000000000033,-360.4,-366.7000000000006,-367.9000000000012,-362.09999999999866,-371.90000000000157,-372.4999999999986,-375.1999999999991,-383.2000000000008,-378.1000000000004,-4450.7000000000035
1970,246,-219.79999999999967,-212.49999999999974,-211.49999999999983,-210.89999999999995,-218.2999999999993,-214.4999999999997,-205.50000000000003,-206.49999999999991,-211.69999999999982,-218.7999999999996,-217.79999999999956,-212.89999999999998,-2560.6999999999975
1980,555,-544.5000000000059,-522.7000000000013,-509.70000000000084,-517.4000000000024,-517.6000000000029,-522.7000000000024,-520.2000000000013,-519.900000000002,-523.8000000000025,-536.7000000000047,-542.0000000000049,-539.8000000000043,-6317.000000000035
1990,532,-519.4000000000052,-496.9000000000023,-493.2000000000023,-489.6000000000017,-507.50000000000387,-505.50000000000244,-499.5000000000018,-505.80000000000376,-514.6000000000043,-512.5000000000033,-514.4000000000034,-518.1000000000038,-6077.000000000038
